pair_id,source_node,target_node,straight_line_km,lambda,effective_lambda,guardrail_applied,method,duration_min,distance_km,mean_risk,risk_exposure,maximum_segment_risk,high_risk_segments,risk_reduction_vs_fastest_pct,time_overhead_vs_fastest_pct,pareto_success_under_30pct_detour,maximum_raw_hazard,high_risk_zone_time_pct,raw_total_exposure,raw_flood_exposure,raw_flood_mean,raw_landslide_exposure,raw_landslide_mean,raw_elephant_exposure,raw_elephant_mean,raw_buffalo_exposure,raw_buffalo_mean,raw_deer_exposure,raw_deer_mean,raw_wildboar_exposure,raw_wildboar_mean
1,1908190955,3896454133,17.761,8.0,0.0,False,shortest_path,26.69,22.452,0.357,9.5294,1.0,69,-0.0,0.0,False,1.0,45.971395,14.706195,11.914957,0.446398,0.0,0.0,1.92528,0.072131,0.001651,6.2e-05,0.835198,0.031291,0.02911,0.001091
1,1908190955,3896454133,17.761,8.0,8.0,False,objective_weight,31.46,24.086,0.0062,0.1946,0.0108,0,97.9579,17.8719,True,0.155485,0.0,2.833276,0.0,0.0,0.0,0.0,2.079683,0.066104,0.001601,5.1e-05,0.726642,0.023097,0.025349,0.000806
1,1908190955,3896454133,17.761,8.0,8.0,False,objective_fuzzy,31.46,24.086,0.0062,0.1946,0.0108,0,97.9579,17.8719,True,0.155485,0.0,2.833276,0.0,0.0,0.0,0.0,2.079683,0.066104,0.001601,5.1e-05,0.726642,0.023097,0.025349,0.000806
2,4202419781,4208479249,31.696,8.0,0.0,False,shortest_path,44.6,51.01,0.2899,12.9288,1.0,27,-0.0,0.0,False,1.0,35.370201,22.91497,12.354612,0.277009,2.546678,0.0571,2.462997,0.055224,0.008767,0.000197,5.044272,0.1131,0.497643,0.011158
2,4202419781,4208479249,31.696,8.0,4.0,True,objective_weight,57.41,44.893,0.0534,3.0674,1.0,12,76.2747,28.722,True,1.0,7.554404,13.151239,1.089115,0.01897,2.869476,0.04998,5.604456,0.097617,0.031012,0.00054,3.003339,0.052312,0.55384,0.009647
2,4202419781,4208479249,31.696,8.0,1.333,True,objective_fuzzy,47.0,48.362,0.2268,10.6585,1.0,73,17.56,5.3812,True,1.0,31.177735,22.05212,11.102031,0.236217,2.546678,0.054185,2.750538,0.058523,0.009065,0.000193,5.141585,0.109397,0.502222,0.010686
3,3730052467,4693179246,9.348,8.0,0.0,False,shortest_path,14.96,12.154,0.7205,10.7794,1.0,65,-0.0,0.0,False,1.0,93.805703,15.944836,13.677051,0.914161,0.0,0.0,0.662334,0.04427,0.001891,0.000126,1.540883,0.102991,0.062679,0.004189
3,3730052467,4693179246,9.348,8.0,8.0,False,objective_weight,19.17,16.345,0.3802,7.2876,1.0,61,32.3933,28.1417,True,1.0,46.200071,12.20339,8.669434,0.452266,0.0,0.0,0.806239,0.04206,0.002359,0.000123,2.625643,0.136974,0.099714,0.005202
3,3730052467,4693179246,9.348,8.0,8.0,False,objective_fuzzy,19.17,16.345,0.3802,7.2876,1.0,61,32.3933,28.1417,True,1.0,46.200071,12.20339,8.669434,0.452266,0.0,0.0,0.806239,0.04206,0.002359,0.000123,2.625643,0.136974,0.099714,0.005202
4,4975045089,4287529487,24.178,8.0,0.0,False,shortest_path,33.23,39.847,0.2538,8.4339,1.0,2,-0.0,0.0,False,1.0,27.867892,13.968097,9.115606,0.27428,0.0,0.0,1.59118,0.047877,0.001955,5.9e-05,3.156614,0.09498,0.102742,0.003091
4,4975045089,4287529487,24.178,8.0,8.0,False,objective_weight,37.33,40.807,0.1359,5.0717,0.6887,0,39.8653,12.3382,True,0.962025,18.81769,11.962377,6.634842,0.177722,0.0,0.0,1.391536,0.037274,0.001043,2.8e-05,3.830212,0.102597,0.104743,0.002806
4,4975045089,4287529487,24.178,8.0,2.667,True,objective_fuzzy,37.33,40.807,0.1359,5.0717,0.6887,0,39.8653,12.3382,True,0.962025,18.81769,11.962377,6.634842,0.177722,0.0,0.0,1.391536,0.037274,0.001043,2.8e-05,3.830212,0.102597,0.104743,0.002806
5,4084747480,12061394011,14.341,8.0,0.0,False,shortest_path,18.72,23.343,0.3033,5.6787,0.6887,0,-0.0,0.0,False,0.962025,46.221242,9.374859,8.199788,0.437971,0.0,0.0,0.443217,0.023673,0.000302,1.6e-05,0.712277,0.038044,0.019274,0.001029
5,4084747480,12061394011,14.341,8.0,8.0,False,objective_weight,19.73,18.406,0.256,5.0503,0.6887,0,11.0659,5.3953,True,0.962025,39.053332,8.599061,7.288103,0.369426,0.0,0.0,0.492575,0.024968,0.000374,1.9e-05,0.796201,0.040359,0.021807,0.001105
5,4084747480,12061394011,14.341,8.0,8.0,False,objective_fuzzy,24.01,20.174,0.1752,4.2065,0.6449,0,25.9249,28.2585,True,0.944444,26.833421,7.544797,6.07432,0.253006,0.0,0.0,0.550485,0.022929,0.000405,1.7e-05,0.895227,0.037288,0.02436,0.001015
6,4375672879,4254119059,6.127,8.0,0.0,False,shortest_path,7.37,6.732,0.0023,0.0171,0.0031,0,-0.0,0.0,False,0.049135,0.0,0.30454,0.0,0.0,0.0,0.0,0.272792,0.037027,7.2e-05,1e-05,0.030747,0.004173,0.000929,0.000126
6,4375672879,4254119059,6.127,8.0,8.0,False,objective_weight,7.37,6.732,0.0023,0.0171,0.0031,0,-0.0,0.0,False,0.049135,0.0,0.30454,0.0,0.0,0.0,0.0,0.272792,0.037027,7.2e-05,1e-05,0.030747,0.004173,0.000929,0.000126
6,4375672879,4254119059,6.127,8.0,8.0,False,objective_fuzzy,7.37,6.732,0.0023,0.0171,0.0031,0,-0.0,0.0,False,0.049135,0.0,0.30454,0.0,0.0,0.0,0.0,0.272792,0.037027,7.2e-05,1e-05,0.030747,0.004173,0.000929,0.000126
7,7918974901,11740280890,15.724,8.0,0.0,False,shortest_path,21.94,18.283,0.3002,6.5861,1.0,44,-0.0,0.0,False,1.0,36.494081,11.736545,4.758006,0.216884,3.875867,0.176674,2.396508,0.10924,0.007255,0.000331,0.642349,0.02928,0.056561,0.002578
7,7918974901,11740280890,15.724,8.0,2.667,True,objective_weight,23.38,19.106,0.1981,4.6313,1.0,23,29.6807,6.5634,True,1.0,27.39949,9.452356,3.158665,0.135086,2.871516,0.122805,2.688066,0.11496,0.007267,0.000311,0.669055,0.028613,0.057788,0.002471
7,7918974901,11740280890,15.724,8.0,1.333,True,objective_fuzzy,23.38,19.106,0.1981,4.6313,1.0,23,29.6807,6.5634,True,1.0,27.39949,9.452356,3.158665,0.135086,2.871516,0.122805,2.688066,0.11496,0.007267,0.000311,0.669055,0.028613,0.057788,0.002471
8,11306500279,4199822038,7.206,8.0,0.0,False,shortest_path,11.99,10.268,0.4729,5.6728,1.0,33,-0.0,0.0,False,1.0,70.841783,12.334304,3.643618,0.303769,3.765037,0.313891,0.773968,0.064526,0.003375,0.000281,3.916813,0.326545,0.231493,0.0193
8,11306500279,4199822038,7.206,8.0,8.0,False,objective_weight,13.81,11.221,0.3597,4.9674,1.0,25,12.4348,15.1793,True,1.0,50.368659,11.518268,3.239006,0.234562,2.88762,0.209116,0.886824,0.064222,0.004865,0.000352,4.177133,0.3025,0.32282,0.023378
8,11306500279,4199822038,7.206,8.0,8.0,False,objective_fuzzy,13.81,11.221,0.3597,4.9674,1.0,25,12.4348,15.1793,True,1.0,50.368659,11.518268,3.239006,0.234562,2.88762,0.209116,0.886824,0.064222,0.004865,0.000352,4.177133,0.3025,0.32282,0.023378
9,9886558621,11620256232,14.751,8.0,0.0,False,shortest_path,19.98,21.376,0.5708,11.4026,1.0,39,-0.0,0.0,False,1.0,83.271683,21.189371,11.621354,0.581766,3.671058,0.183774,1.327479,0.066454,0.004387,0.00022,4.322604,0.21639,0.24249,0.012139
9,9886558621,11620256232,14.751,8.0,4.0,True,objective_weight,21.35,22.107,0.495,10.567,1.0,31,7.3282,6.8569,True,1.0,69.201663,19.900684,11.216742,0.525458,2.546678,0.119301,1.403135,0.065731,0.005696,0.000267,4.410439,0.206611,0.317994,0.014897
9,9886558621,11620256232,14.751,8.0,2.667,True,objective_fuzzy,21.35,22.107,0.495,10.567,1.0,31,7.3282,6.8569,True,1.0,69.201663,19.900684,11.216742,0.525458,2.546678,0.119301,1.403135,0.065731,0.005696,0.000267,4.410439,0.206611,0.317994,0.014897
10,4485221989,4132495904,6.66,8.0,0.0,False,shortest_path,9.87,7.535,0.3031,2.9916,0.7075,17,-0.0,0.0,False,0.968085,42.222411,5.19617,4.034004,0.408749,0.0,0.0,0.896658,0.090855,0.000774,7.8e-05,0.254101,0.025747,0.010633,0.001077
10,4485221989,4132495904,6.66,8.0,0.0,True,objective_weight,9.87,7.535,0.3031,2.9916,0.7075,17,-0.0,0.0,False,0.968085,42.222411,5.19617,4.034004,0.408749,0.0,0.0,0.896658,0.090855,0.000774,7.8e-05,0.254101,0.025747,0.010633,0.001077
10,4485221989,4132495904,6.66,8.0,0.0,True,objective_fuzzy,9.87,7.535,0.3031,2.9916,0.7075,17,-0.0,0.0,False,0.968085,42.222411,5.19617,4.034004,0.408749,0.0,0.0,0.896658,0.090855,0.000774,7.8e-05,0.254101,0.025747,0.010633,0.001077
11,3784062681,1723172815,22.245,8.0,0.0,False,shortest_path,31.02,27.595,0.0852,2.643,0.4744,0,-0.0,0.0,False,0.835052,12.376357,9.455477,3.205774,0.103349,1.666075,0.053712,4.336113,0.139789,0.017635,0.000569,0.199528,0.006432,0.030351,0.000978
11,3784062681,1723172815,22.245,8.0,0.0,True,objective_weight,31.02,27.595,0.0852,2.643,0.4744,0,-0.0,0.0,False,0.835052,12.376357,9.455477,3.205774,0.103349,1.666075,0.053712,4.336113,0.139789,0.017635,0.000569,0.199528,0.006432,0.030351,0.000978
11,3784062681,1723172815,22.245,8.0,0.0,True,objective_fuzzy,31.02,27.595,0.0852,2.643,0.4744,0,-0.0,0.0,False,0.835052,12.376357,9.455477,3.205774,0.103349,1.666075,0.053712,4.336113,0.139789,0.017635,0.000569,0.199528,0.006432,0.030351,0.000978
12,4957178403,679045182,13.396,8.0,0.0,False,shortest_path,20.34,20.08,0.3227,6.565,1.0,12,-0.0,0.0,False,1.0,41.396461,12.394094,8.173965,0.401791,0.0,0.0,0.93427,0.045924,0.001835,9e-05,3.183364,0.156478,0.10066,0.004948
12,4957178403,679045182,13.396,8.0,8.0,False,objective_weight,20.39,21.072,0.2883,5.8792,0.7303,6,10.4463,0.2458,True,0.974359,36.336147,13.324954,7.162562,0.351218,0.0,0.0,1.129167,0.055369,0.002233,0.000109,4.8793,0.239258,0.151692,0.007438
12,4957178403,679045182,13.396,8.0,8.0,False,objective_fuzzy,20.39,21.072,0.2883,5.8792,0.7303,6,10.4463,0.2458,True,0.974359,36.336147,13.324954,7.162562,0.351218,0.0,0.0,1.129167,0.055369,0.002233,0.000109,4.8793,0.239258,0.151692,0.007438
13,1899707333,3861737922,13.353,8.0,0.0,False,shortest_path,19.99,18.719,0.2849,5.6955,0.6887,0,-0.0,0.0,False,0.962025,43.521001,9.646721,8.229454,0.411665,0.0,0.0,0.467413,0.023382,0.000363,1.8e-05,0.924163,0.04623,0.025329,0.001267
13,1899707333,3861737922,13.353,8.0,8.0,False,objective_weight,19.99,18.719,0.2849,5.6955,0.6887,0,-0.0,0.0,False,0.962025,43.521001,9.646721,8.229454,0.411665,0.0,0.0,0.467413,0.023382,0.000363,1.8e-05,0.924163,0.04623,0.025329,0.001267
13,1899707333,3861737922,13.353,8.0,8.0,False,objective_fuzzy,19.99,18.719,0.2849,5.6955,0.6887,0,-0.0,0.0,False,0.962025,43.521001,9.646721,8.229454,0.411665,0.0,0.0,0.467413,0.023382,0.000363,1.8e-05,0.924163,0.04623,0.025329,0.001267
14,14081924329,1431441533,11.84,8.0,0.0,False,shortest_path,18.06,14.661,0.1357,2.4511,0.6332,0,-0.0,0.0,False,0.939759,21.011338,4.351257,3.566353,0.197456,0.0,0.0,0.277752,0.015378,0.00016,9e-06,0.493967,0.027349,0.013026,0.000721
14,14081924329,1431441533,11.84,8.0,8.0,False,objective_weight,18.35,14.8,0.1219,2.2366,0.6332,0,8.7512,1.6058,True,0.939759,18.805594,4.03812,3.243271,0.176727,0.0,0.0,0.282244,0.01538,0.000163,9e-06,0.499283,0.027206,0.013159,0.000717
14,14081924329,1431441533,11.84,8.0,8.0,False,objective_fuzzy,18.35,14.8,0.1219,2.2366,0.6332,0,8.7512,1.6058,True,0.939759,18.805594,4.03812,3.243271,0.176727,0.0,0.0,0.282244,0.01538,0.000163,9e-06,0.499283,0.027206,0.013159,0.000717
15,4152640155,3844959083,6.892,8.0,0.0,False,shortest_path,8.61,8.84,0.2797,2.4094,0.5865,0,-0.0,0.0,False,0.915789,53.190665,4.733631,3.980487,0.462061,0.0,0.0,0.649935,0.075445,0.007168,0.000832,0.082831,0.009615,0.01321,0.001533
15,4152640155,3844959083,6.892,8.0,8.0,False,objective_weight,8.61,8.84,0.2797,2.4094,0.5865,0,-0.0,0.0,False,0.915789,53.190665,4.733631,3.980487,0.462061,0.0,0.0,0.649935,0.075445,0.007168,0.000832,0.082831,0.009615,0.01321,0.001533
15,4152640155,3844959083,6.892,8.0,8.0,False,objective_fuzzy,8.61,8.84,0.2797,2.4094,0.5865,0,-0.0,0.0,False,0.915789,53.190665,4.733631,3.980487,0.462061,0.0,0.0,0.649935,0.075445,0.007168,0.000832,0.082831,0.009615,0.01321,0.001533
16,14038983919,5357095533,12.85,8.0,0.0,False,shortest_path,20.81,18.848,0.3093,6.4365,0.6887,0,-0.0,0.0,False,0.962025,47.167052,10.926216,9.286762,0.44629,0.0,0.0,0.505817,0.024308,0.000431,2.1e-05,1.102805,0.052997,0.030401,0.001461
16,14038983919,5357095533,12.85,8.0,8.0,False,objective_weight,21.65,20.241,0.2391,5.1768,0.6887,0,19.5712,4.0365,True,0.962025,35.92542,9.31665,7.358314,0.339865,0.0,0.0,0.54854,0.025336,0.000501,2.3e-05,1.371776,0.063359,0.037519,0.001733
16,14038983919,5357095533,12.85,8.0,8.0,False,objective_fuzzy,26.09,21.869,0.1672,4.3622,0.6449,0,32.2271,25.3724,True,0.944444,25.291868,8.368841,6.212747,0.238127,0.0,0.0,0.626728,0.024022,0.000573,2.2e-05,1.488228,0.057042,0.040565,0.001555
17,4199434786,5340854070,16.378,8.0,0.0,False,shortest_path,24.37,24.043,0.2171,5.2917,1.0,25,-0.0,0.0,False,1.0,26.724523,14.71681,3.239006,0.132899,2.546678,0.104492,1.287803,0.052839,0.005325,0.000218,7.237953,0.296978,0.400045,0.016414
17,4199434786,5340854070,16.378,8.0,8.0,False,objective_weight,24.37,24.043,0.2171,5.2917,1.0,25,-0.0,0.0,False,1.0,26.724523,14.71681,3.239006,0.132899,2.546678,0.104492,1.287803,0.052839,0.005325,0.000218,7.237953,0.296978,0.400045,0.016414
17,4199434786,5340854070,16.378,8.0,8.0,False,objective_fuzzy,24.37,24.043,0.2171,5.2917,1.0,25,-0.0,0.0,False,1.0,26.724523,14.71681,3.239006,0.132899,2.546678,0.104492,1.287803,0.052839,0.005325,0.000218,7.237953,0.296978,0.400045,0.016414
18,3891360404,3502729116,20.017,8.0,0.0,False,shortest_path,23.38,25.68,0.3198,7.4763,0.7303,6,-0.0,0.0,False,0.974359,37.473874,16.3607,8.459255,0.361865,2.085146,0.089197,2.064993,0.088335,0.004096,0.000175,3.621312,0.15491,0.125898,0.005386
18,3891360404,3502729116,20.017,8.0,8.0,False,objective_weight,30.24,26.486,0.1108,3.3493,1.0,2,55.2011,29.3413,True,1.0,13.224483,11.966632,0.750513,0.024822,4.42497,0.146347,2.173589,0.071887,0.009937,0.000329,4.396448,0.145404,0.211175,0.006984
18,3891360404,3502729116,20.017,8.0,2.667,True,objective_fuzzy,30.24,26.486,0.1108,3.3493,1.0,2,55.2011,29.3413,True,1.0,13.224483,11.966632,0.750513,0.024822,4.42497,0.146347,2.173589,0.071887,0.009937,0.000329,4.396448,0.145404,0.211175,0.006984
19,4054059539,3799951468,11.072,8.0,0.0,False,shortest_path,21.77,16.25,0.1406,3.0609,0.7075,17,-0.0,0.0,False,0.968085,19.138707,6.211534,4.034004,0.185279,0.0,0.0,1.647718,0.075679,0.001368,6.3e-05,0.508899,0.023373,0.019545,0.000898
19,4054059539,3799951468,11.072,8.0,8.0,False,objective_weight,22.87,15.773,0.0063,0.1441,0.0108,0,95.2922,5.0528,True,0.155485,0.0,2.199575,0.0,0.0,0.0,0.0,1.714396,0.074955,0.001318,5.8e-05,0.46613,0.02038,0.017732,0.000775
19,4054059539,3799951468,11.072,8.0,8.0,False,objective_fuzzy,22.87,15.773,0.0063,0.1441,0.0108,0,95.2922,5.0528,True,0.155485,0.0,2.199575,0.0,0.0,0.0,0.0,1.714396,0.074955,0.001318,5.8e-05,0.46613,0.02038,0.017732,0.000775
20,3920026963,3930036166,7.116,8.0,0.0,False,shortest_path,12.59,10.845,0.26,3.2735,1.0,32,-0.0,0.0,False,1.0,21.528381,5.81149,2.710219,0.215284,1.245864,0.098964,1.706293,0.135538,0.002187,0.000174,0.136712,0.01086,0.010215,0.000811
20,3920026963,3930036166,7.116,8.0,8.0,False,objective_weight,12.88,12.19,0.044,0.5662,0.2501,0,82.7035,2.3034,True,0.627907,0.0,3.267347,0.0,0.0,1.13641,0.088254,1.868033,0.145072,0.002353,0.000183,0.244666,0.019001,0.015884,0.001234
20,3920026963,3930036166,7.116,8.0,8.0,False,objective_fuzzy,12.88,12.19,0.044,0.5662,0.2501,0,82.7035,2.3034,True,0.627907,0.0,3.267347,0.0,0.0,1.13641,0.088254,1.868033,0.145072,0.002353,0.000183,0.244666,0.019001,0.015884,0.001234
21,13694979904,4000109211,19.5,8.0,0.0,False,shortest_path,26.01,22.651,0.2244,5.8366,0.6887,0,-0.0,0.0,False,0.962025,34.265666,10.371916,8.414635,0.323501,0.0,0.0,0.953585,0.036661,0.000708,2.7e-05,0.973761,0.037436,0.029228,0.001124
21,13694979904,4000109211,19.5,8.0,0.0,True,objective_weight,26.01,22.651,0.2244,5.8366,0.6887,0,-0.0,0.0,False,0.962025,34.265666,10.371916,8.414635,0.323501,0.0,0.0,0.953585,0.036661,0.000708,2.7e-05,0.973761,0.037436,0.029228,0.001124
21,13694979904,4000109211,19.5,8.0,0.0,True,objective_fuzzy,26.01,22.651,0.2244,5.8366,0.6887,0,-0.0,0.0,False,0.962025,34.265666,10.371916,8.414635,0.323501,0.0,0.0,0.953585,0.036661,0.000708,2.7e-05,0.973761,0.037436,0.029228,0.001124
22,8984354412,4208992228,26.911,8.0,0.0,False,shortest_path,29.14,33.91,0.1848,5.386,0.6887,0,-0.0,0.0,False,0.962025,28.728605,9.6602,7.868198,0.270018,0.0,0.0,1.110289,0.038103,0.000445,1.5e-05,0.662444,0.022734,0.018824,0.000646
22,8984354412,4208992228,26.911,8.0,0.0,True,objective_weight,29.14,33.91,0.1848,5.386,0.6887,0,-0.0,0.0,False,0.962025,28.728605,9.6602,7.868198,0.270018,0.0,0.0,1.110289,0.038103,0.000445,1.5e-05,0.662444,0.022734,0.018824,0.000646
22,8984354412,4208992228,26.911,8.0,0.0,True,objective_fuzzy,29.14,33.91,0.1848,5.386,0.6887,0,-0.0,0.0,False,0.962025,28.728605,9.6602,7.868198,0.270018,0.0,0.0,1.110289,0.038103,0.000445,1.5e-05,0.662444,0.022734,0.018824,0.000646
23,4236961439,3872297925,11.141,8.0,0.0,False,shortest_path,18.11,19.23,0.3871,7.0115,0.7303,13,-0.0,0.0,False,0.974359,54.167162,12.724404,9.459955,0.522343,0.0,0.0,1.537677,0.084905,0.002614,0.000144,1.653348,0.091292,0.07081,0.00391
23,4236961439,3872297925,11.141,8.0,2.667,True,objective_weight,20.29,18.486,0.2231,4.5278,1.0,49,35.4232,12.0375,True,1.0,16.616898,9.035606,3.372038,0.166169,2.385278,0.117543,1.940926,0.095646,0.006139,0.000303,1.249294,0.061563,0.081931,0.004037
23,4236961439,3872297925,11.141,8.0,1.333,True,objective_fuzzy,20.29,18.486,0.2231,4.5278,1.0,49,35.4232,12.0375,True,1.0,16.616898,9.035606,3.372038,0.166169,2.385278,0.117543,1.940926,0.095646,0.006139,0.000303,1.249294,0.061563,0.081931,0.004037
24,3861884385,4177532048,11.583,8.0,0.0,False,shortest_path,18.29,15.569,0.2294,4.1964,1.0,53,-0.0,0.0,False,1.0,22.400043,6.278165,4.096722,0.224,0.0,0.0,2.020308,0.110466,0.001741,9.5e-05,0.150085,0.008206,0.009309,0.000509
24,3861884385,4177532048,11.583,8.0,5.333,True,objective_weight,20.03,14.881,0.1566,3.1352,1.0,41,25.2883,9.5134,True,1.0,15.01811,5.50135,3.007607,0.150181,0.0,0.0,2.292789,0.114488,0.001878,9.4e-05,0.187881,0.009382,0.011195,0.000559
24,3861884385,4177532048,11.583,8.0,0.0,True,objective_fuzzy,18.29,15.569,0.2294,4.1964,1.0,53,-0.0,0.0,False,1.0,22.400043,6.278165,4.096722,0.224,0.0,0.0,2.020308,0.110466,0.001741,9.5e-05,0.150085,0.008206,0.009309,0.000509
25,5818324545,6754158712,6.357,8.0,0.0,False,shortest_path,9.45,8.022,0.3044,2.8761,0.6887,0,-0.0,0.0,False,0.962025,46.331134,4.731272,4.145022,0.43868,0.0,0.0,0.176122,0.01864,0.000154,1.6e-05,0.399151,0.042243,0.010823,0.001145
25,5818324545,6754158712,6.357,8.0,8.0,False,objective_weight,11.91,8.854,0.1636,1.949,0.6332,0,32.2346,26.0317,True,0.939759,25.286055,3.461114,2.830858,0.237628,0.0,0.0,0.185621,0.015581,0.000141,1.2e-05,0.432971,0.036344,0.011523,0.000967
25,5818324545,6754158712,6.357,8.0,4.0,True,objective_fuzzy,11.91,8.854,0.1636,1.949,0.6332,0,32.2346,26.0317,True,0.939759,25.286055,3.461114,2.830858,0.237628,0.0,0.0,0.185621,0.015581,0.000141,1.2e-05,0.432971,0.036344,0.011523,0.000967
26,4403681831,3887138792,7.298,8.0,0.0,False,shortest_path,12.36,11.424,0.2191,2.709,0.6487,0,-0.0,0.0,False,0.946809,32.018588,7.384463,0.672762,0.054415,5.14234,0.415929,1.236898,0.100044,0.00573,0.000463,0.295848,0.023929,0.030885,0.002498
26,4403681831,3887138792,7.298,8.0,8.0,False,objective_weight,12.36,11.424,0.2191,2.709,0.6487,0,-0.0,0.0,False,0.946809,32.018588,7.384463,0.672762,0.054415,5.14234,0.415929,1.236898,0.100044,0.00573,0.000463,0.295848,0.023929,0.030885,0.002498
26,4403681831,3887138792,7.298,8.0,8.0,False,objective_fuzzy,15.23,12.622,0.1531,2.3318,0.6487,0,13.924,23.2201,True,0.946809,20.421807,7.056558,0.672762,0.044173,4.178507,0.274359,1.802249,0.118335,0.006176,0.000405,0.361894,0.023762,0.034972,0.002296
27,4784130630,6363554948,33.513,8.0,0.0,False,shortest_path,39.05,40.605,0.4894,19.113,1.0,78,-0.0,0.0,False,1.0,69.649455,32.583243,25.746388,0.659272,2.397899,0.061402,2.644833,0.067725,0.010098,0.000259,1.713148,0.043868,0.070877,0.001815
27,4784130630,6363554948,33.513,8.0,2.667,True,objective_weight,44.13,44.968,0.2271,10.0215,1.0,52,47.5671,13.009,True,1.0,29.419801,22.937771,9.13939,0.207083,4.737722,0.107349,2.984056,0.067613,0.014828,0.000336,5.833502,0.132177,0.228272,0.005172
27,4784130630,6363554948,33.513,8.0,2.667,True,objective_fuzzy,49.53,47.415,0.1525,7.5521,1.0,5,60.4871,26.8374,True,1.0,20.923504,21.344443,6.517864,0.131604,4.737722,0.095661,3.26604,0.065946,0.017332,0.00035,6.524187,0.131732,0.281298,0.00568
28,4181874307,4085930235,17.651,8.0,0.0,False,shortest_path,23.61,28.019,0.2323,5.4849,0.6887,0,-0.0,0.0,False,0.962025,35.942642,9.492621,7.991393,0.338473,0.0,0.0,0.571605,0.02421,0.000335,1.4e-05,0.903882,0.038284,0.025406,0.001076
28,4181874307,4085930235,17.651,8.0,8.0,False,objective_weight,23.78,28.429,0.2141,5.0917,0.6887,0,7.1688,0.72,True,0.962025,33.05418,8.946013,7.398741,0.311138,0.0,0.0,0.575268,0.024192,0.000337,1.4e-05,0.944885,0.039735,0.026782,0.001126
28,4181874307,4085930235,17.651,8.0,1.333,True,objective_fuzzy,23.78,28.429,0.2141,5.0917,0.6887,0,7.1688,0.72,True,0.962025,33.05418,8.946013,7.398741,0.311138,0.0,0.0,0.575268,0.024192,0.000337,1.4e-05,0.944885,0.039735,0.026782,0.001126
29,1278070128,4061034679,11.348,8.0,0.0,False,shortest_path,19.49,14.852,0.087,1.6964,1.0,17,-0.0,0.0,False,1.0,8.143608,3.699586,1.586981,0.081436,0.0,0.0,1.97584,0.10139,0.001126,5.8e-05,0.128724,0.006605,0.006914,0.000355
29,1278070128,4061034679,11.348,8.0,8.0,False,objective_weight,22.39,17.194,0.0069,0.1536,0.0091,0,90.9455,14.8794,True,0.161627,0.0,2.80304,0.0,0.0,0.0,0.0,2.655379,0.118586,0.001551,6.9e-05,0.13797,0.006162,0.008141,0.000364
29,1278070128,4061034679,11.348,8.0,8.0,False,objective_fuzzy,22.39,17.194,0.0069,0.1536,0.0091,0,90.9455,14.8794,True,0.161627,0.0,2.80304,0.0,0.0,0.0,0.0,2.655379,0.118586,0.001551,6.9e-05,0.13797,0.006162,0.008141,0.000364
30,4485172515,4275386772,10.959,8.0,0.0,False,shortest_path,18.63,17.968,0.2934,5.4652,0.7303,61,-0.0,0.0,False,0.974359,40.075895,9.89654,7.204671,0.386814,0.39134,0.021011,1.65117,0.08865,0.002099,0.000113,0.61938,0.033254,0.027879,0.001497
30,4485172515,4275386772,10.959,8.0,8.0,False,objective_weight,22.06,15.801,0.0078,0.1711,0.0119,0,96.8693,18.4112,True,0.17265,0.0,2.76354,0.0,0.0,0.0,0.0,2.324233,0.105362,0.002184,9.9e-05,0.41629,0.018871,0.020833,0.000944
30,4485172515,4275386772,10.959,8.0,8.0,False,objective_fuzzy,22.06,15.801,0.0078,0.1711,0.0119,0,96.8693,18.4112,True,0.17265,0.0,2.76354,0.0,0.0,0.0,0.0,2.324233,0.105362,0.002184,9.9e-05,0.41629,0.018871,0.020833,0.000944
31,4201870498,1903781620,20.732,8.0,0.0,False,shortest_path,35.95,34.44,0.394,14.1645,1.0,112,-0.0,0.0,False,1.0,50.265317,25.451381,14.526636,0.404056,2.546678,0.070835,1.962658,0.054591,0.013846,0.000385,5.750563,0.159951,0.650999,0.018107
31,4201870498,1903781620,20.732,8.0,1.333,True,objective_weight,36.28,37.36,0.295,10.7027,1.0,73,24.44,0.9179,True,1.0,40.392207,22.001838,11.102031,0.30603,2.546678,0.0702,2.031032,0.055986,0.013845,0.000382,5.659743,0.156012,0.648509,0.017876
31,4201870498,1903781620,20.732,8.0,1.333,True,objective_fuzzy,36.28,37.36,0.295,10.7027,1.0,73,24.44,0.9179,True,1.0,40.392207,22.001838,11.102031,0.30603,2.546678,0.0702,2.031032,0.055986,0.013845,0.000382,5.659743,0.156012,0.648509,0.017876
32,4087518711,4204423294,15.746,8.0,0.0,False,shortest_path,26.12,21.189,0.2662,6.9536,1.0,41,-0.0,0.0,False,1.0,20.958942,12.008342,5.474973,0.209589,3.258316,0.124733,2.763107,0.105775,0.003278,0.000126,0.479165,0.018343,0.029502,0.001129
32,4087518711,4204423294,15.746,8.0,8.0,False,objective_weight,32.06,25.71,0.0391,1.252,0.2804,0,81.9949,22.7412,True,0.675,0.0,7.063016,0.0,0.0,2.445471,0.076286,4.051355,0.126381,0.004679,0.000146,0.525602,0.016396,0.03591,0.00112
32,4087518711,4204423294,15.746,8.0,8.0,False,objective_fuzzy,32.06,25.71,0.0391,1.252,0.2804,0,81.9949,22.7412,True,0.675,0.0,7.063016,0.0,0.0,2.445471,0.076286,4.051355,0.126381,0.004679,0.000146,0.525602,0.016396,0.03591,0.00112
33,13569630305,9787337564,10.914,8.0,0.0,False,shortest_path,22.58,17.525,0.3945,8.9092,1.0,19,-0.0,0.0,False,1.0,56.564829,16.63637,6.513146,0.288424,4.618592,0.204527,1.489161,0.065945,0.034099,0.00151,3.250389,0.143938,0.730984,0.03237
33,13569630305,9787337564,10.914,8.0,1.333,True,objective_weight,23.09,16.702,0.3414,7.8836,1.0,9,11.5117,2.2586,True,1.0,49.966262,15.73084,5.47355,0.23704,4.467419,0.193468,1.544773,0.066899,0.034595,0.001498,3.416232,0.147945,0.794271,0.034397
33,13569630305,9787337564,10.914,8.0,1.333,True,objective_fuzzy,23.09,16.702,0.3414,7.8836,1.0,9,11.5117,2.2586,True,1.0,49.966262,15.73084,5.47355,0.23704,4.467419,0.193468,1.544773,0.066899,0.034595,0.001498,3.416232,0.147945,0.794271,0.034397
34,4693167420,4199824935,5.808,8.0,0.0,False,shortest_path,8.49,7.962,0.6977,5.9265,0.7483,28,-0.0,0.0,False,0.978947,100.0,8.916275,8.178308,0.962775,0.0,0.0,0.19267,0.022682,0.000235,2.8e-05,0.530241,0.062422,0.014821,0.001745
34,4693167420,4199824935,5.808,8.0,8.0,False,objective_weight,9.16,8.658,0.6015,5.5091,0.7483,28,7.0429,7.8916,True,0.978947,85.305632,8.285209,7.541211,0.823314,0.0,0.0,0.201099,0.021955,0.000239,2.6e-05,0.527912,0.057635,0.014748,0.00161
34,4693167420,4199824935,5.808,8.0,2.667,True,objective_fuzzy,9.16,8.658,0.6015,5.5091,0.7483,28,7.0429,7.8916,True,0.978947,85.305632,8.285209,7.541211,0.823314,0.0,0.0,0.201099,0.021955,0.000239,2.6e-05,0.527912,0.057635,0.014748,0.00161
35,4059592313,4221474559,6.334,8.0,0.0,False,shortest_path,11.65,7.427,0.0046,0.054,0.0069,0,-0.0,0.0,False,0.124144,0.0,1.016591,0.0,0.0,0.0,0.0,0.974327,0.083638,0.000327,2.8e-05,0.040129,0.003445,0.001808,0.000155
35,4059592313,4221474559,6.334,8.0,8.0,False,objective_weight,11.65,7.427,0.0046,0.054,0.0069,0,-0.0,0.0,False,0.124144,0.0,1.016591,0.0,0.0,0.0,0.0,0.974327,0.083638,0.000327,2.8e-05,0.040129,0.003445,0.001808,0.000155
35,4059592313,4221474559,6.334,8.0,8.0,False,objective_fuzzy,11.65,7.427,0.0046,0.054,0.0069,0,-0.0,0.0,False,0.124144,0.0,1.016591,0.0,0.0,0.0,0.0,0.974327,0.083638,0.000327,2.8e-05,0.040129,0.003445,0.001808,0.000155
36,3804325555,4084712655,9.129,8.0,0.0,False,shortest_path,15.35,15.358,0.08,1.2287,1.0,11,-0.0,0.0,False,1.0,10.43944,2.534562,1.554973,0.101303,0.0,0.0,0.67046,0.043679,0.000458,3e-05,0.298709,0.01946,0.009961,0.000649
36,3804325555,4084712655,9.129,8.0,8.0,False,objective_weight,15.52,15.132,0.056,0.8684,1.0,3,29.3237,1.1075,True,1.0,5.203742,1.755246,0.807363,0.052037,0.0,0.0,0.651359,0.041982,0.000413,2.7e-05,0.286878,0.01849,0.009233,0.000595
36,3804325555,4084712655,9.129,8.0,8.0,False,objective_fuzzy,15.52,15.132,0.056,0.8684,1.0,3,29.3237,1.1075,True,1.0,5.203742,1.755246,0.807363,0.052037,0.0,0.0,0.651359,0.041982,0.000413,2.7e-05,0.286878,0.01849,0.009233,0.000595
37,4315527770,4197821176,21.311,8.0,0.0,False,shortest_path,30.33,28.971,0.3483,10.5668,1.0,99,-0.0,0.0,False,1.0,51.492128,20.480028,11.984331,0.395078,2.546678,0.083954,2.608287,0.085985,0.003949,0.00013,3.195503,0.105344,0.14128,0.004657
37,4315527770,4197821176,21.311,8.0,5.333,True,objective_weight,38.47,31.986,0.1867,7.1823,1.0,64,32.0296,26.8381,True,1.0,26.918598,16.887281,4.682216,0.121703,4.452321,0.115728,4.161909,0.108179,0.009457,0.000246,3.394458,0.088231,0.18692,0.004859
37,4315527770,4197821176,21.311,8.0,1.333,True,objective_fuzzy,31.54,30.863,0.2912,9.1836,1.0,21,13.0901,3.9894,True,1.0,42.307557,19.430376,9.769432,0.309727,3.078371,0.097596,3.233117,0.102502,0.004793,0.000152,3.198773,0.101413,0.145891,0.004625
38,4208684194,4212326828,23.67,8.0,0.0,False,shortest_path,27.06,34.366,0.2089,5.6513,0.6887,0,-0.0,0.0,False,0.962025,31.462357,9.934536,8.065011,0.298078,0.0,0.0,0.721155,0.026653,0.000372,1.4e-05,1.117916,0.041318,0.030082,0.001112
38,4208684194,4212326828,23.67,8.0,8.0,False,objective_weight,27.06,34.366,0.2089,5.6513,0.6887,0,-0.0,0.0,False,0.962025,31.462357,9.934536,8.065011,0.298078,0.0,0.0,0.721155,0.026653,0.000372,1.4e-05,1.117916,0.041318,0.030082,0.001112
38,4208684194,4212326828,23.67,8.0,0.0,True,objective_fuzzy,27.06,34.366,0.2089,5.6513,0.6887,0,-0.0,0.0,False,0.962025,31.462357,9.934536,8.065011,0.298078,0.0,0.0,0.721155,0.026653,0.000372,1.4e-05,1.117916,0.041318,0.030082,0.001112
39,13694979906,5101779948,33.276,8.0,0.0,False,shortest_path,41.75,42.414,0.4349,18.1554,1.0,70,-0.0,0.0,False,1.0,59.923851,30.879609,23.943531,0.573506,2.55218,0.061131,2.607569,0.062458,0.020746,0.000497,1.665605,0.039895,0.089979,0.002155
39,13694979906,5101779948,33.276,8.0,1.333,True,objective_weight,47.77,45.321,0.1573,7.5128,1.0,49,58.6195,14.4192,True,1.0,22.493073,18.242041,6.020337,0.126032,3.341229,0.069947,2.298016,0.048107,0.036051,0.000755,6.251035,0.130861,0.295375,0.006183
39,13694979906,5101779948,33.276,8.0,1.333,True,objective_fuzzy,47.77,45.321,0.1573,7.5128,1.0,49,58.6195,14.4192,True,1.0,22.493073,18.242041,6.020337,0.126032,3.341229,0.069947,2.298016,0.048107,0.036051,0.000755,6.251035,0.130861,0.295375,0.006183
40,4402017534,3735756493,14.003,8.0,0.0,False,shortest_path,17.23,17.562,0.5315,9.1593,1.0,102,-0.0,0.0,False,1.0,60.438754,14.733728,9.971757,0.57865,2.608945,0.151394,1.35876,0.078847,0.00302,0.000175,0.753137,0.043704,0.038109,0.002211
40,4402017534,3735756493,14.003,8.0,0.0,True,objective_weight,17.23,17.562,0.5315,9.1593,1.0,102,-0.0,0.0,False,1.0,60.438754,14.733728,9.971757,0.57865,2.608945,0.151394,1.35876,0.078847,0.00302,0.000175,0.753137,0.043704,0.038109,0.002211
40,4402017534,3735756493,14.003,8.0,0.0,True,objective_fuzzy,17.23,17.562,0.5315,9.1593,1.0,102,-0.0,0.0,False,1.0,60.438754,14.733728,9.971757,0.57865,2.608945,0.151394,1.35876,0.078847,0.00302,0.000175,0.753137,0.043704,0.038109,0.002211
41,11006933308,2028303877,6.21,8.0,0.0,False,shortest_path,13.84,7.93,0.0114,0.1583,0.0121,0,-0.0,0.0,False,0.073737,0.0,1.872341,0.0,0.0,0.0,0.0,0.93579,0.06761,0.005619,0.000406,0.862407,0.062308,0.068524,0.004951
41,11006933308,2028303877,6.21,8.0,8.0,False,objective_weight,13.84,7.93,0.0114,0.1583,0.0121,0,-0.0,0.0,False,0.073737,0.0,1.872341,0.0,0.0,0.0,0.0,0.93579,0.06761,0.005619,0.000406,0.862407,0.062308,0.068524,0.004951
41,11006933308,2028303877,6.21,8.0,8.0,False,objective_fuzzy,13.84,7.93,0.0114,0.1583,0.0121,0,-0.0,0.0,False,0.073737,0.0,1.872341,0.0,0.0,0.0,0.0,0.93579,0.06761,0.005619,0.000406,0.862407,0.062308,0.068524,0.004951
42,14110007120,11575872332,28.117,8.0,0.0,False,shortest_path,42.63,38.976,0.1841,7.8485,0.7303,61,-0.0,0.0,False,0.974359,28.249166,17.081172,7.204671,0.168998,5.799303,0.136032,2.476591,0.058093,0.039852,0.000935,1.409657,0.033066,0.151099,0.003544
42,14110007120,11575872332,28.117,8.0,8.0,False,objective_weight,45.91,35.745,0.0592,2.7163,0.3144,0,65.3908,7.6941,True,0.72973,9.974154,10.509839,0.0,0.0,5.7867,0.126056,3.318321,0.072285,0.040233,0.000876,1.218565,0.026545,0.146021,0.003181
42,14110007120,11575872332,28.117,8.0,1.333,True,objective_fuzzy,45.91,35.745,0.0592,2.7163,0.3144,0,65.3908,7.6941,True,0.72973,9.974154,10.509839,0.0,0.0,5.7867,0.126056,3.318321,0.072285,0.040233,0.000876,1.218565,0.026545,0.146021,0.003181
43,5835832797,4216107389,16.427,8.0,0.0,False,shortest_path,21.89,18.607,0.2057,4.5038,1.0,46,-0.0,0.0,False,1.0,17.653905,7.578545,3.865102,0.176539,1.459386,0.066658,2.129073,0.097246,0.001176,5.4e-05,0.11792,0.005386,0.005888,0.000269
43,5835832797,4216107389,16.427,8.0,8.0,False,objective_weight,22.47,19.373,0.0291,0.6543,0.2106,0,85.4723,2.6496,True,0.55102,0.0,3.692359,0.0,0.0,1.459386,0.064959,2.115941,0.094182,0.00112,5e-05,0.110438,0.004916,0.005474,0.000244
43,5835832797,4216107389,16.427,8.0,8.0,False,objective_fuzzy,22.47,19.373,0.0291,0.6543,0.2106,0,85.4723,2.6496,True,0.55102,0.0,3.692359,0.0,0.0,1.459386,0.064959,2.115941,0.094182,0.00112,5e-05,0.110438,0.004916,0.005474,0.000244
44,5285425633,1839459856,10.29,8.0,0.0,False,shortest_path,12.44,11.632,0.4519,5.6239,1.0,6,-0.0,0.0,False,1.0,64.78561,9.559996,7.652834,0.614948,0.0,0.0,0.27716,0.022271,0.000395,3.2e-05,1.585739,0.127423,0.043868,0.003525
44,5285425633,1839459856,10.29,8.0,8.0,False,objective_weight,15.99,15.246,0.1912,3.0578,1.0,6,45.6285,28.537,True,1.0,23.621594,6.677959,3.607802,0.225609,0.0,0.0,0.408491,0.025544,0.000553,3.5e-05,2.588677,0.16188,0.072436,0.00453
44,5285425633,1839459856,10.29,8.0,2.667,True,objective_fuzzy,15.99,15.246,0.1912,3.0578,1.0,6,45.6285,28.537,True,1.0,23.621594,6.677959,3.607802,0.225609,0.0,0.0,0.408491,0.025544,0.000553,3.5e-05,2.588677,0.16188,0.072436,0.00453
45,6901721749,4979370247,6.503,8.0,0.0,False,shortest_path,12.49,8.864,0.7583,9.4689,1.0,37,-0.0,0.0,False,1.0,90.103329,13.81298,10.946451,0.876613,0.0,0.0,0.426089,0.034122,0.000715,5.7e-05,2.374005,0.190115,0.06572,0.005263
45,6901721749,4979370247,6.503,8.0,8.0,False,objective_weight,12.81,9.778,0.2754,3.5279,1.0,7,62.7422,2.562,True,1.0,37.185927,7.570488,4.508434,0.351989,0.0,0.0,0.409488,0.03197,0.00056,4.4e-05,2.581968,0.201583,0.070039,0.005468
45,6901721749,4979370247,6.503,8.0,8.0,False,objective_fuzzy,12.81,9.778,0.2754,3.5279,1.0,7,62.7422,2.562,True,1.0,37.185927,7.570488,4.508434,0.351989,0.0,0.0,0.409488,0.03197,0.00056,4.4e-05,2.581968,0.201583,0.070039,0.005468
46,4089415307,4195132420,11.709,8.0,0.0,False,shortest_path,16.49,14.037,0.0321,0.5287,0.6887,0,-0.0,0.0,False,0.962025,4.064042,1.627463,0.644623,0.039097,0.0,0.0,0.638883,0.038749,0.00038,2.3e-05,0.33359,0.020233,0.009987,0.000606
46,4089415307,4195132420,11.709,8.0,8.0,False,objective_weight,16.49,14.037,0.0321,0.5287,0.6887,0,-0.0,0.0,False,0.962025,4.064042,1.627463,0.644623,0.039097,0.0,0.0,0.638883,0.038749,0.00038,2.3e-05,0.33359,0.020233,0.009987,0.000606
46,4089415307,4195132420,11.709,8.0,8.0,False,objective_fuzzy,18.42,14.356,0.0079,0.1454,0.6887,0,72.4986,11.7041,True,0.962025,0.51383,1.164522,0.09106,0.004943,0.0,0.0,0.669835,0.036362,0.000402,2.2e-05,0.391693,0.021263,0.011531,0.000626
47,2155579913,4198527794,18.947,8.0,0.0,False,shortest_path,24.16,26.061,0.2716,6.5619,0.7483,35,-0.0,0.0,False,0.978947,37.616544,10.935927,8.798638,0.364232,0.0,0.0,0.780406,0.032306,0.000977,4e-05,1.313483,0.054373,0.042423,0.001756
47,2155579913,4198527794,18.947,8.0,8.0,False,objective_weight,24.16,26.061,0.2716,6.5619,0.7483,35,-0.0,0.0,False,0.978947,37.616544,10.935927,8.798638,0.364232,0.0,0.0,0.780406,0.032306,0.000977,4e-05,1.313483,0.054373,0.042423,0.001756
47,2155579913,4198527794,18.947,8.0,4.0,True,objective_fuzzy,27.9,27.927,0.2007,5.6006,0.7483,35,14.6497,15.4801,True,0.978947,26.996046,10.286401,7.30057,0.261667,0.0,0.0,0.914161,0.032765,0.001277,4.6e-05,2.007146,0.07194,0.063246,0.002267
48,4992050635,5688424078,18.191,8.0,0.0,False,shortest_path,24.71,23.861,0.3273,8.088,0.7303,51,-0.0,0.0,False,0.974359,53.048315,16.405645,8.735673,0.353538,3.168708,0.12824,1.298753,0.052561,0.002586,0.000105,3.078285,0.12458,0.12164,0.004923
48,4992050635,5688424078,18.191,8.0,8.0,False,objective_weight,24.71,23.861,0.3273,8.088,0.7303,51,-0.0,0.0,False,0.974359,53.048315,16.405645,8.735673,0.353538,3.168708,0.12824,1.298753,0.052561,0.002586,0.000105,3.078285,0.12458,0.12164,0.004923
48,4992050635,5688424078,18.191,8.0,0.0,True,objective_fuzzy,24.71,23.861,0.3273,8.088,0.7303,51,-0.0,0.0,False,0.974359,53.048315,16.405645,8.735673,0.353538,3.168708,0.12824,1.298753,0.052561,0.002586,0.000105,3.078285,0.12458,0.12164,0.004923
49,4176019476,5333729032,15.889,8.0,0.0,False,shortest_path,21.45,22.053,0.2771,5.9433,0.7483,32,-0.0,0.0,False,0.978947,38.409524,9.539724,7.988861,0.372429,0.0,0.0,0.684019,0.031888,0.000635,3e-05,0.840697,0.039192,0.025511,0.001189
49,4176019476,5333729032,15.889,8.0,8.0,False,objective_weight,21.45,22.053,0.2771,5.9433,0.7483,32,-0.0,0.0,False,0.978947,38.409524,9.539724,7.988861,0.372429,0.0,0.0,0.684019,0.031888,0.000635,3e-05,0.840697,0.039192,0.025511,0.001189
49,4176019476,5333729032,15.889,8.0,8.0,False,objective_fuzzy,21.45,22.053,0.2771,5.9433,0.7483,32,-0.0,0.0,False,0.978947,38.409524,9.539724,7.988861,0.372429,0.0,0.0,0.684019,0.031888,0.000635,3e-05,0.840697,0.039192,0.025511,0.001189
50,4242590213,3799951390,7.395,8.0,0.0,False,shortest_path,10.58,9.101,0.0039,0.0411,0.0054,0,-0.0,0.0,False,0.043681,0.0,0.563626,0.0,0.0,0.0,0.0,0.369237,0.034904,0.000213,2e-05,0.188531,0.017822,0.005645,0.000534
50,4242590213,3799951390,7.395,8.0,8.0,False,objective_weight,10.58,9.101,0.0039,0.0411,0.0054,0,-0.0,0.0,False,0.043681,0.0,0.563626,0.0,0.0,0.0,0.0,0.369237,0.034904,0.000213,2e-05,0.188531,0.017822,0.005645,0.000534
50,4242590213,3799951390,7.395,8.0,8.0,False,objective_fuzzy,10.58,9.101,0.0039,0.0411,0.0054,0,-0.0,0.0,False,0.043681,0.0,0.563626,0.0,0.0,0.0,0.0,0.369237,0.034904,0.000213,2e-05,0.188531,0.017822,0.005645,0.000534
51,4299547711,4068402846,6.764,8.0,0.0,False,shortest_path,10.24,8.94,0.0036,0.0372,0.0048,0,-0.0,0.0,False,0.086089,0.0,0.680017,0.0,0.0,0.0,0.0,0.63,0.061533,0.000208,2e-05,0.048049,0.004693,0.00176,0.000172
51,4299547711,4068402846,6.764,8.0,8.0,False,objective_weight,10.24,8.94,0.0036,0.0372,0.0048,0,-0.0,0.0,False,0.086089,0.0,0.680017,0.0,0.0,0.0,0.0,0.63,0.061533,0.000208,2e-05,0.048049,0.004693,0.00176,0.000172
51,4299547711,4068402846,6.764,8.0,8.0,False,objective_fuzzy,10.24,8.94,0.0036,0.0372,0.0048,0,-0.0,0.0,False,0.086089,0.0,0.680017,0.0,0.0,0.0,0.0,0.63,0.061533,0.000208,2e-05,0.048049,0.004693,0.00176,0.000172
52,5285388599,3885854182,19.641,8.0,0.0,False,shortest_path,26.95,27.793,0.3423,9.2234,1.0,19,-0.0,0.0,False,1.0,47.303764,18.091576,10.231378,0.379665,2.948978,0.109431,2.077853,0.077105,0.004204,0.000156,2.731526,0.101361,0.097637,0.003623
52,5285388599,3885854182,19.641,8.0,5.333,True,objective_weight,30.03,27.175,0.2461,7.3908,1.0,55,19.869,11.4286,True,1.0,36.546405,15.279524,5.014349,0.166975,4.705351,0.156686,1.893851,0.063064,0.007551,0.000251,3.505335,0.116726,0.153087,0.005098
52,5285388599,3885854182,19.641,8.0,1.333,True,objective_fuzzy,27.09,27.776,0.3344,9.057,1.0,19,1.8041,0.5195,True,1.0,40.69528,17.90045,10.231378,0.377747,2.748159,0.101463,2.101484,0.077588,0.004187,0.000155,2.71869,0.100375,0.096552,0.003565
53,4255939862,13434250250,19.759,8.0,0.0,False,shortest_path,28.44,23.527,0.1617,4.5977,1.0,46,-0.0,0.0,False,1.0,13.590474,9.309062,3.865102,0.135905,1.459386,0.051315,3.83075,0.134697,0.0037,0.00013,0.139132,0.004892,0.010992,0.000386
53,4255939862,13434250250,19.759,8.0,8.0,False,objective_weight,31.23,26.784,0.0081,0.2517,0.014,0,94.5255,9.8101,True,0.247517,0.0,4.621275,0.0,0.0,0.0,0.0,4.490132,0.143791,0.003392,0.000109,0.1182,0.003785,0.00955,0.000306
53,4255939862,13434250250,19.759,8.0,8.0,False,objective_fuzzy,31.23,26.784,0.0081,0.2517,0.014,0,94.5255,9.8101,True,0.247517,0.0,4.621275,0.0,0.0,0.0,0.0,4.490132,0.143791,0.003392,0.000109,0.1182,0.003785,0.00955,0.000306
54,5103244448,4202106536,16.311,8.0,0.0,False,shortest_path,24.45,22.143,0.3339,8.1633,1.0,49,-0.0,0.0,False,1.0,39.690505,16.853867,6.428532,0.262966,2.546678,0.104175,1.448013,0.059233,0.012644,0.000517,5.795181,0.237058,0.622819,0.025477
54,5103244448,4202106536,16.311,8.0,0.0,True,objective_weight,24.45,22.143,0.3339,8.1633,1.0,49,-0.0,0.0,False,1.0,39.690505,16.853867,6.428532,0.262966,2.546678,0.104175,1.448013,0.059233,0.012644,0.000517,5.795181,0.237058,0.622819,0.025477
54,5103244448,4202106536,16.311,8.0,0.0,True,objective_fuzzy,24.45,22.143,0.3339,8.1633,1.0,49,-0.0,0.0,False,1.0,39.690505,16.853867,6.428532,0.262966,2.546678,0.104175,1.448013,0.059233,0.012644,0.000517,5.795181,0.237058,0.622819,0.025477
55,5610108134,4197785622,25.041,8.0,0.0,False,shortest_path,27.56,37.244,0.3019,8.3208,1.0,2,-0.0,0.0,False,1.0,34.272584,12.034458,9.296587,0.33729,0.0,0.0,1.0491,0.038062,0.001533,5.6e-05,1.628357,0.059079,0.058881,0.002136
55,5610108134,4197785622,25.041,8.0,8.0,False,objective_weight,30.37,34.468,0.1848,5.6137,0.7483,35,32.5341,10.1959,True,0.978947,24.800807,10.446853,7.30057,0.240389,0.0,0.0,1.010915,0.033287,0.001327,4.4e-05,2.068232,0.068102,0.065808,0.002167
55,5610108134,4197785622,25.041,8.0,8.0,False,objective_fuzzy,30.37,34.468,0.1848,5.6137,0.7483,35,32.5341,10.1959,True,0.978947,24.800807,10.446853,7.30057,0.240389,0.0,0.0,1.010915,0.033287,0.001327,4.4e-05,2.068232,0.068102,0.065808,0.002167
56,13691672313,4068326107,17.101,8.0,0.0,False,shortest_path,17.88,23.175,0.2295,4.1038,0.6887,0,-0.0,0.0,False,0.962025,35.638233,6.976226,5.999841,0.335525,0.0,0.0,0.411384,0.023006,0.000239,1.3e-05,0.549628,0.030737,0.015133,0.000846
56,13691672313,4068326107,17.101,8.0,8.0,False,objective_weight,17.88,23.175,0.2295,4.1038,0.6887,0,-0.0,0.0,False,0.962025,35.638233,6.976226,5.999841,0.335525,0.0,0.0,0.411384,0.023006,0.000239,1.3e-05,0.549628,0.030737,0.015133,0.000846
56,13691672313,4068326107,17.101,8.0,8.0,False,objective_fuzzy,17.88,23.175,0.2295,4.1038,0.6887,0,-0.0,0.0,False,0.962025,35.638233,6.976226,5.999841,0.335525,0.0,0.0,0.411384,0.023006,0.000239,1.3e-05,0.549628,0.030737,0.015133,0.000846
57,4097079125,3328529815,10.053,8.0,0.0,False,shortest_path,15.94,14.591,0.0037,0.0597,0.0059,0,-0.0,0.0,False,0.056105,0.0,0.902217,0.0,0.0,0.0,0.0,0.680214,0.042674,0.000351,2.2e-05,0.214774,0.013474,0.006879,0.000432
57,4097079125,3328529815,10.053,8.0,8.0,False,objective_weight,15.94,14.591,0.0037,0.0597,0.0059,0,-0.0,0.0,False,0.056105,0.0,0.902217,0.0,0.0,0.0,0.0,0.680214,0.042674,0.000351,2.2e-05,0.214774,0.013474,0.006879,0.000432
57,4097079125,3328529815,10.053,8.0,8.0,False,objective_fuzzy,15.94,14.591,0.0037,0.0597,0.0059,0,-0.0,0.0,False,0.056105,0.0,0.902217,0.0,0.0,0.0,0.0,0.680214,0.042674,0.000351,2.2e-05,0.214774,0.013474,0.006879,0.000432
58,3874500182,3813398860,12.312,8.0,0.0,False,shortest_path,14.16,14.209,0.4069,5.763,1.0,9,-0.0,0.0,False,1.0,49.132836,11.0426,6.65228,0.469727,2.272009,0.16043,1.740225,0.12288,0.003561,0.000251,0.35164,0.02483,0.022884,0.001616
58,3874500182,3813398860,12.312,8.0,8.0,False,objective_weight,17.22,16.884,0.1893,3.26,1.0,28,43.4322,21.6102,True,1.0,19.830732,7.744035,3.255458,0.189033,1.880668,0.109204,2.236681,0.129876,0.0037,0.000215,0.345287,0.02005,0.022242,0.001291
58,3874500182,3813398860,12.312,8.0,8.0,False,objective_fuzzy,17.22,16.884,0.1893,3.26,1.0,28,43.4322,21.6102,True,1.0,19.830732,7.744035,3.255458,0.189033,1.880668,0.109204,2.236681,0.129876,0.0037,0.000215,0.345287,0.02005,0.022242,0.001291
59,3643224085,7014931582,10.941,8.0,0.0,False,shortest_path,33.16,26.216,0.1423,4.7203,1.0,10,-0.0,0.0,False,1.0,20.178453,13.842732,1.596726,0.048148,4.940753,0.148984,2.155815,0.065007,0.533125,0.016076,3.131526,0.094429,1.484788,0.044773
59,3643224085,7014931582,10.941,8.0,8.0,False,objective_weight,35.0,26.23,0.098,3.4307,1.0,3,27.3203,5.5489,True,1.0,15.256982,13.004506,0.245659,0.007018,4.940753,0.141144,2.41493,0.068988,0.538827,0.015393,3.25683,0.093039,1.607507,0.045922
59,3643224085,7014931582,10.941,8.0,8.0,False,objective_fuzzy,35.0,26.23,0.098,3.4307,1.0,3,27.3203,5.5489,True,1.0,15.256982,13.004506,0.245659,0.007018,4.940753,0.141144,2.41493,0.068988,0.538827,0.015393,3.25683,0.093039,1.607507,0.045922
60,2407566751,5181066781,9.806,8.0,0.0,False,shortest_path,11.03,11.047,0.6356,7.0106,1.0,53,-0.0,0.0,False,1.0,86.084839,11.165124,9.199212,0.833986,0.531692,0.048202,0.83933,0.076092,0.001236,0.000112,0.570809,0.051749,0.022845,0.002071
60,2407566751,5181066781,9.806,8.0,8.0,False,objective_weight,11.03,11.047,0.6356,7.0106,1.0,53,-0.0,0.0,False,1.0,86.084839,11.165124,9.199212,0.833986,0.531692,0.048202,0.83933,0.076092,0.001236,0.000112,0.570809,0.051749,0.022845,0.002071
60,2407566751,5181066781,9.806,8.0,0.0,True,objective_fuzzy,11.03,11.047,0.6356,7.0106,1.0,53,-0.0,0.0,False,1.0,86.084839,11.165124,9.199212,0.833986,0.531692,0.048202,0.83933,0.076092,0.001236,0.000112,0.570809,0.051749,0.022845,0.002071
61,4674996557,4177557456,7.255,8.0,0.0,False,shortest_path,11.1,9.164,0.0606,0.6722,0.0922,0,-0.0,0.0,False,0.539426,0.0,4.869051,0.0,0.0,0.0,0.0,0.565024,0.050914,0.000815,7.3e-05,4.187625,0.377346,0.115586,0.010415
61,4674996557,4177557456,7.255,8.0,8.0,False,objective_weight,11.1,9.164,0.0606,0.6722,0.0922,0,-0.0,0.0,False,0.539426,0.0,4.869051,0.0,0.0,0.0,0.0,0.565024,0.050914,0.000815,7.3e-05,4.187625,0.377346,0.115586,0.010415
61,4674996557,4177557456,7.255,8.0,8.0,False,objective_fuzzy,11.1,9.164,0.0606,0.6722,0.0922,0,-0.0,0.0,False,0.539426,0.0,4.869051,0.0,0.0,0.0,0.0,0.565024,0.050914,0.000815,7.3e-05,4.187625,0.377346,0.115586,0.010415
62,13675115005,4215130810,25.331,8.0,0.0,False,shortest_path,31.22,34.564,0.2491,7.7779,1.0,46,-0.0,0.0,False,1.0,31.485292,11.992368,9.482222,0.303681,0.0,0.0,1.889325,0.060508,0.000929,3e-05,0.601631,0.019268,0.01826,0.000585
62,13675115005,4215130810,25.331,8.0,1.333,True,objective_weight,31.8,35.33,0.1235,3.9284,0.6887,0,49.4928,1.8578,True,0.962025,18.76268,8.106182,5.61712,0.176656,0.0,0.0,1.876193,0.059005,0.000873,2.7e-05,0.594149,0.018686,0.017847,0.000561
62,13675115005,4215130810,25.331,8.0,1.333,True,objective_fuzzy,31.8,35.33,0.1235,3.9284,0.6887,0,49.4928,1.8578,True,0.962025,18.76268,8.106182,5.61712,0.176656,0.0,0.0,1.876193,0.059005,0.000873,2.7e-05,0.594149,0.018686,0.017847,0.000561
63,4199256857,3933301250,12.75,8.0,0.0,False,shortest_path,15.1,15.061,0.2686,4.0553,1.0,49,-0.0,0.0,False,1.0,31.055603,7.219584,3.372038,0.223323,1.042275,0.069028,1.018878,0.067478,0.004957,0.000328,1.68838,0.111818,0.093056,0.006163
63,4199256857,3933301250,12.75,8.0,0.0,True,objective_weight,15.1,15.061,0.2686,4.0553,1.0,49,-0.0,0.0,False,1.0,31.055603,7.219584,3.372038,0.223323,1.042275,0.069028,1.018878,0.067478,0.004957,0.000328,1.68838,0.111818,0.093056,0.006163
63,4199256857,3933301250,12.75,8.0,0.0,True,objective_fuzzy,15.1,15.061,0.2686,4.0553,1.0,49,-0.0,0.0,False,1.0,31.055603,7.219584,3.372038,0.223323,1.042275,0.069028,1.018878,0.067478,0.004957,0.000328,1.68838,0.111818,0.093056,0.006163
64,3250778311,3805360432,15.088,8.0,0.0,False,shortest_path,19.18,18.525,0.5064,9.7113,1.0,71,-0.0,0.0,False,1.0,60.97183,16.546343,11.358072,0.592314,2.504517,0.130609,1.862664,0.097136,0.003465,0.000181,0.781669,0.040763,0.035957,0.001875
64,3250778311,3805360432,15.088,8.0,8.0,False,objective_weight,19.38,18.503,0.4909,9.5129,1.0,72,2.043,1.0428,True,1.0,61.219494,15.856789,11.530114,0.594974,1.536043,0.079262,1.97008,0.10166,0.003135,0.000162,0.782151,0.04036,0.035266,0.00182
64,3250778311,3805360432,15.088,8.0,1.333,True,objective_fuzzy,19.38,18.503,0.4909,9.5129,1.0,72,2.043,1.0428,True,1.0,61.219494,15.856789,11.530114,0.594974,1.536043,0.079262,1.97008,0.10166,0.003135,0.000162,0.782151,0.04036,0.035266,0.00182
65,5498169926,4198826487,13.015,8.0,0.0,False,shortest_path,14.62,14.151,0.3573,5.224,1.0,1,-0.0,0.0,False,1.0,61.346941,11.540569,5.771932,0.394821,2.209435,0.151133,0.570864,0.039049,0.001398,9.6e-05,2.886787,0.197467,0.100152,0.006851
65,5498169926,4198826487,13.015,8.0,8.0,False,objective_weight,15.54,14.823,0.3287,5.1086,1.0,6,2.209,6.2927,True,1.0,52.702589,11.240477,5.099009,0.328124,2.209435,0.142178,0.600288,0.038629,0.001424,9.2e-05,3.221608,0.207312,0.108713,0.006996
65,5498169926,4198826487,13.015,8.0,8.0,False,objective_fuzzy,16.53,15.364,0.2913,4.8146,1.0,3,7.8369,13.0643,True,1.0,47.595228,11.081065,4.775933,0.288949,2.209435,0.133673,0.635633,0.038456,0.0015,9.1e-05,3.34592,0.202432,0.112642,0.006815
66,4194666074,4208158380,15.171,8.0,0.0,False,shortest_path,26.06,19.807,0.1438,3.7462,1.0,49,-0.0,0.0,False,1.0,12.940826,7.669495,3.372038,0.129408,0.0,0.0,1.326911,0.050923,0.015114,0.00058,2.756486,0.105785,0.198946,0.007635
66,4194666074,4208158380,15.171,8.0,8.0,False,objective_weight,27.46,19.123,0.0441,1.212,1.0,2,67.6472,5.3722,True,1.0,2.733388,5.416024,0.750513,0.027334,0.0,0.0,1.395044,0.050808,0.015871,0.000578,3.036017,0.110573,0.218578,0.007961
66,4194666074,4208158380,15.171,8.0,8.0,False,objective_fuzzy,27.46,19.123,0.0441,1.212,1.0,2,67.6472,5.3722,True,1.0,2.733388,5.416024,0.750513,0.027334,0.0,0.0,1.395044,0.050808,0.015871,0.000578,3.036017,0.110573,0.218578,0.007961
67,11135445520,4237471497,23.482,8.0,0.0,False,shortest_path,23.83,32.578,0.1218,2.9042,0.6887,0,-0.0,0.0,False,0.962025,18.608296,5.401204,4.183152,0.175507,0.0,0.0,0.782287,0.032821,0.000264,1.1e-05,0.4239,0.017785,0.011601,0.000487
67,11135445520,4237471497,23.482,8.0,0.0,True,objective_weight,23.83,32.578,0.1218,2.9042,0.6887,0,-0.0,0.0,False,0.962025,18.608296,5.401204,4.183152,0.175507,0.0,0.0,0.782287,0.032821,0.000264,1.1e-05,0.4239,0.017785,0.011601,0.000487
67,11135445520,4237471497,23.482,8.0,0.0,True,objective_fuzzy,23.83,32.578,0.1218,2.9042,0.6887,0,-0.0,0.0,False,0.962025,18.608296,5.401204,4.183152,0.175507,0.0,0.0,0.782287,0.032821,0.000264,1.1e-05,0.4239,0.017785,0.011601,0.000487
68,4201256961,13926316450,30.482,8.0,0.0,False,shortest_path,34.76,41.677,0.3708,12.8925,1.0,27,-0.0,0.0,False,1.0,45.37655,22.165029,12.354612,0.355376,2.546678,0.073254,1.695293,0.048765,0.009152,0.000263,5.054642,0.145395,0.504651,0.014516
68,4201256961,13926316450,30.482,8.0,0.0,True,objective_weight,34.76,41.677,0.3708,12.8925,1.0,27,-0.0,0.0,False,1.0,45.37655,22.165029,12.354612,0.355376,2.546678,0.073254,1.695293,0.048765,0.009152,0.000263,5.054642,0.145395,0.504651,0.014516
68,4201256961,13926316450,30.482,8.0,0.0,True,objective_fuzzy,34.76,41.677,0.3708,12.8925,1.0,27,-0.0,0.0,False,1.0,45.37655,22.165029,12.354612,0.355376,2.546678,0.073254,1.695293,0.048765,0.009152,0.000263,5.054642,0.145395,0.504651,0.014516
69,4101555694,4295578777,9.405,8.0,0.0,False,shortest_path,15.8,11.948,0.0333,0.5262,0.2106,0,-0.0,0.0,False,0.55102,0.0,3.062163,0.0,0.0,1.163038,0.073592,1.831102,0.115864,0.000957,6.1e-05,0.063204,0.003999,0.003862,0.000244
69,4101555694,4295578777,9.405,8.0,8.0,False,objective_weight,15.8,11.948,0.0333,0.5262,0.2106,0,-0.0,0.0,False,0.55102,0.0,3.062163,0.0,0.0,1.163038,0.073592,1.831102,0.115864,0.000957,6.1e-05,0.063204,0.003999,0.003862,0.000244
69,4101555694,4295578777,9.405,8.0,8.0,False,objective_fuzzy,15.8,11.948,0.0333,0.5262,0.2106,0,-0.0,0.0,False,0.55102,0.0,3.062163,0.0,0.0,1.163038,0.073592,1.831102,0.115864,0.000957,6.1e-05,0.063204,0.003999,0.003862,0.000244
70,5243632015,7456768231,22.288,8.0,0.0,False,shortest_path,27.08,29.304,0.4,10.8314,1.0,61,-0.0,0.0,False,1.0,58.505045,20.074989,14.558388,0.537633,2.272009,0.083904,2.522858,0.093168,0.013315,0.000492,0.661441,0.024427,0.046978,0.001735
70,5243632015,7456768231,22.288,8.0,0.0,True,objective_weight,27.08,29.304,0.4,10.8314,1.0,61,-0.0,0.0,False,1.0,58.505045,20.074989,14.558388,0.537633,2.272009,0.083904,2.522858,0.093168,0.013315,0.000492,0.661441,0.024427,0.046978,0.001735
70,5243632015,7456768231,22.288,8.0,0.0,True,objective_fuzzy,27.08,29.304,0.4,10.8314,1.0,61,-0.0,0.0,False,1.0,58.505045,20.074989,14.558388,0.537633,2.272009,0.083904,2.522858,0.093168,0.013315,0.000492,0.661441,0.024427,0.046978,0.001735
71,3864439390,3893190289,11.079,8.0,0.0,False,shortest_path,15.5,12.745,0.4394,6.8091,1.0,51,-0.0,0.0,False,1.0,51.446553,9.54055,7.838812,0.505883,0.0,0.0,1.229212,0.079328,0.00107,6.9e-05,0.45417,0.02931,0.017286,0.001116
71,3864439390,3893190289,11.079,8.0,8.0,False,objective_weight,19.75,15.927,0.198,3.9108,1.0,34,42.5651,27.4194,True,1.0,19.260927,5.778793,3.804808,0.192609,0.0,0.0,1.455964,0.073705,0.001152,5.8e-05,0.498442,0.025232,0.018427,0.000933
71,3864439390,3893190289,11.079,8.0,2.667,True,objective_fuzzy,19.75,15.927,0.198,3.9108,1.0,34,42.5651,27.4194,True,1.0,19.260927,5.778793,3.804808,0.192609,0.0,0.0,1.455964,0.073705,0.001152,5.8e-05,0.498442,0.025232,0.018427,0.000933
72,4177538398,13972621484,19.283,8.0,0.0,False,shortest_path,25.21,29.545,0.3359,8.4677,1.0,2,-0.0,0.0,False,1.0,36.736979,13.782275,9.115606,0.361571,0.0,0.0,1.019406,0.040435,0.001832,7.3e-05,3.532687,0.140124,0.112743,0.004472
72,4177538398,13972621484,19.283,8.0,0.0,True,objective_weight,25.21,29.545,0.3359,8.4677,1.0,2,-0.0,0.0,False,1.0,36.736979,13.782275,9.115606,0.361571,0.0,0.0,1.019406,0.040435,0.001832,7.3e-05,3.532687,0.140124,0.112743,0.004472
72,4177538398,13972621484,19.283,8.0,0.0,True,objective_fuzzy,25.21,29.545,0.3359,8.4677,1.0,2,-0.0,0.0,False,1.0,36.736979,13.782275,9.115606,0.361571,0.0,0.0,1.019406,0.040435,0.001832,7.3e-05,3.532687,0.140124,0.112743,0.004472
73,1438094656,4129825690,7.612,8.0,0.0,False,shortest_path,10.89,10.877,0.7738,8.4251,1.0,95,-0.0,0.0,False,1.0,100.0,11.89695,10.598966,0.973506,0.0,0.0,0.761179,0.069914,0.001023,9.4e-05,0.515377,0.047337,0.020405,0.001874
73,1438094656,4129825690,7.612,8.0,0.0,True,objective_weight,10.89,10.877,0.7738,8.4251,1.0,95,-0.0,0.0,False,1.0,100.0,11.89695,10.598966,0.973506,0.0,0.0,0.761179,0.069914,0.001023,9.4e-05,0.515377,0.047337,0.020405,0.001874
73,1438094656,4129825690,7.612,8.0,0.0,True,objective_fuzzy,10.89,10.877,0.7738,8.4251,1.0,95,-0.0,0.0,False,1.0,100.0,11.89695,10.598966,0.973506,0.0,0.0,0.761179,0.069914,0.001023,9.4e-05,0.515377,0.047337,0.020405,0.001874
74,5488654378,6757362084,8.176,8.0,0.0,False,shortest_path,15.5,12.725,0.6828,10.5874,1.0,102,-0.0,0.0,False,1.0,88.450684,15.465783,13.365853,0.862045,0.0,0.0,0.931316,0.060066,0.002109,0.000136,1.115883,0.07197,0.050621,0.003265
74,5488654378,6757362084,8.176,8.0,0.0,True,objective_weight,15.5,12.725,0.6828,10.5874,1.0,102,-0.0,0.0,False,1.0,88.450684,15.465783,13.365853,0.862045,0.0,0.0,0.931316,0.060066,0.002109,0.000136,1.115883,0.07197,0.050621,0.003265
74,5488654378,6757362084,8.176,8.0,0.0,True,objective_fuzzy,15.5,12.725,0.6828,10.5874,1.0,102,-0.0,0.0,False,1.0,88.450684,15.465783,13.365853,0.862045,0.0,0.0,0.931316,0.060066,0.002109,0.000136,1.115883,0.07197,0.050621,0.003265
75,12190313957,4210440716,14.522,8.0,0.0,False,shortest_path,20.57,17.971,0.004,0.0818,0.0054,0,-0.0,0.0,False,0.101537,0.0,1.330889,0.0,0.0,0.0,0.0,1.102107,0.053577,0.000433,2.1e-05,0.221322,0.010759,0.007027,0.000342
75,12190313957,4210440716,14.522,8.0,8.0,False,objective_weight,20.57,17.971,0.004,0.0818,0.0054,0,-0.0,0.0,False,0.101537,0.0,1.330889,0.0,0.0,0.0,0.0,1.102107,0.053577,0.000433,2.1e-05,0.221322,0.010759,0.007027,0.000342
75,12190313957,4210440716,14.522,8.0,8.0,False,objective_fuzzy,20.57,17.971,0.004,0.0818,0.0054,0,-0.0,0.0,False,0.101537,0.0,1.330889,0.0,0.0,0.0,0.0,1.102107,0.053577,0.000433,2.1e-05,0.221322,0.010759,0.007027,0.000342
76,3804466230,4165913502,20.169,8.0,0.0,False,shortest_path,25.55,27.615,0.3413,8.7193,1.0,22,-0.0,0.0,False,1.0,39.910984,17.675763,9.895417,0.38733,1.536043,0.060124,2.378221,0.093089,0.004352,0.00017,3.731616,0.146064,0.130114,0.005093
76,3804466230,4165913502,20.169,8.0,1.333,True,objective_weight,27.01,25.973,0.2614,7.0617,1.0,65,19.0107,5.7143,True,1.0,29.821538,14.875022,4.8082,0.177983,3.875867,0.143471,2.204833,0.081615,0.007689,0.000285,3.816067,0.141258,0.162365,0.00601
76,3804466230,4165913502,20.169,8.0,2.667,True,objective_fuzzy,32.41,28.42,0.1417,4.5922,1.0,18,47.3329,26.8493,True,1.0,16.770208,13.281695,2.186674,0.067475,3.875867,0.119599,2.486817,0.076737,0.010193,0.000315,4.506752,0.139067,0.215391,0.006646
77,3155537616,4087595776,16.795,8.0,0.0,False,shortest_path,25.71,23.11,0.2347,6.0339,0.6887,0,-0.0,0.0,False,0.962025,35.379903,11.07762,8.588207,0.334067,0.0,0.0,0.666116,0.025911,0.000618,2.4e-05,1.774283,0.069017,0.048397,0.001883
77,3155537616,4087595776,16.795,8.0,8.0,False,objective_weight,25.78,23.338,0.2034,5.2453,0.6887,0,13.0695,0.2723,True,0.962025,30.165283,9.915332,7.358314,0.285372,0.0,0.0,0.653581,0.025347,0.000584,2.3e-05,1.852471,0.071843,0.050382,0.001954
77,3155537616,4087595776,16.795,8.0,1.333,True,objective_fuzzy,25.78,23.338,0.2034,5.2453,0.6887,0,13.0695,0.2723,True,0.962025,30.165283,9.915332,7.358314,0.285372,0.0,0.0,0.653581,0.025347,0.000584,2.3e-05,1.852471,0.071843,0.050382,0.001954
78,7816551002,4197821156,6.467,8.0,0.0,False,shortest_path,8.68,7.688,0.3064,2.6594,1.0,11,-0.0,0.0,False,1.0,28.002182,5.410434,2.430265,0.280022,0.0,0.0,0.591632,0.068169,0.005947,0.000685,2.022704,0.233061,0.359887,0.041467
78,7816551002,4197821156,6.467,8.0,8.0,False,objective_weight,8.68,7.688,0.3064,2.6594,1.0,11,-0.0,0.0,False,1.0,28.002182,5.410434,2.430265,0.280022,0.0,0.0,0.591632,0.068169,0.005947,0.000685,2.022704,0.233061,0.359887,0.041467
78,7816551002,4197821156,6.467,8.0,8.0,False,objective_fuzzy,8.68,7.688,0.3064,2.6594,1.0,11,-0.0,0.0,False,1.0,28.002182,5.410434,2.430265,0.280022,0.0,0.0,0.591632,0.068169,0.005947,0.000685,2.022704,0.233061,0.359887,0.041467
79,634499666,5126817191,9.418,8.0,0.0,False,shortest_path,15.98,17.121,0.4283,6.8452,0.7303,36,-0.0,0.0,False,0.974359,57.603361,12.879487,8.901873,0.556985,0.0,0.0,0.877651,0.054914,0.001896,0.000119,2.997978,0.187582,0.100089,0.006263
79,634499666,5126817191,9.418,8.0,8.0,False,objective_weight,18.13,14.54,0.267,4.8397,0.7046,11,29.2979,13.4543,True,0.967033,34.599909,10.618404,6.048642,0.333663,0.0,0.0,0.84638,0.046689,0.00177,9.8e-05,3.607661,0.19901,0.113951,0.006286
79,634499666,5126817191,9.418,8.0,8.0,False,objective_fuzzy,18.13,14.54,0.267,4.8397,0.7046,11,29.2979,13.4543,True,0.967033,34.599909,10.618404,6.048642,0.333663,0.0,0.0,0.84638,0.046689,0.00177,9.8e-05,3.607661,0.19901,0.113951,0.006286
80,3807822688,4201870487,18.148,8.0,0.0,False,shortest_path,28.44,24.186,0.1754,4.9884,1.0,12,-0.0,0.0,False,1.0,21.914464,11.472379,2.985482,0.104957,3.875867,0.136259,2.14036,0.075246,0.018214,0.00064,2.134641,0.075045,0.317816,0.011173
80,3807822688,4201870487,18.148,8.0,8.0,False,objective_weight,32.47,25.707,0.0646,2.0968,0.3664,0,57.9665,14.1702,True,0.794118,10.003353,8.878268,0.0,0.0,3.875867,0.119369,2.339331,0.072047,0.024155,0.000744,2.273821,0.070029,0.365095,0.011244
80,3807822688,4201870487,18.148,8.0,8.0,False,objective_fuzzy,35.34,26.919,0.0486,1.7186,0.3664,0,65.5481,24.2616,True,0.794118,6.789547,8.546017,0.0,0.0,2.909994,0.082333,2.903514,0.08215,0.024599,0.000696,2.338795,0.066172,0.369115,0.010444
81,3989396443,1370719554,7.172,8.0,0.0,False,shortest_path,14.45,9.576,0.0062,0.0891,0.0108,0,-0.0,0.0,False,0.155485,0.0,1.413588,0.0,0.0,0.0,0.0,1.150439,0.079611,0.00083,5.7e-05,0.251941,0.017434,0.010379,0.000718
81,3989396443,1370719554,7.172,8.0,8.0,False,objective_weight,14.45,9.576,0.0062,0.0891,0.0108,0,-0.0,0.0,False,0.155485,0.0,1.413588,0.0,0.0,0.0,0.0,1.150439,0.079611,0.00083,5.7e-05,0.251941,0.017434,0.010379,0.000718
81,3989396443,1370719554,7.172,8.0,8.0,False,objective_fuzzy,14.45,9.576,0.0062,0.0891,0.0108,0,-0.0,0.0,False,0.155485,0.0,1.413588,0.0,0.0,0.0,0.0,1.150439,0.079611,0.00083,5.7e-05,0.251941,0.017434,0.010379,0.000718
82,3199604228,9246488218,14.907,8.0,0.0,False,shortest_path,19.42,16.988,0.3516,6.8287,1.0,79,-0.0,0.0,False,1.0,29.73118,10.624549,5.774658,0.297312,2.481102,0.127741,2.181569,0.112319,0.002897,0.000149,0.17142,0.008826,0.012903,0.000664
82,3199604228,9246488218,14.907,8.0,5.333,True,objective_weight,24.01,18.811,0.1709,4.1029,1.0,41,39.9168,23.6354,True,1.0,12.524453,8.596224,3.007607,0.125245,2.402176,0.100033,2.908508,0.121118,0.003571,0.000149,0.256272,0.010672,0.01809,0.000753
82,3199604228,9246488218,14.907,8.0,0.0,True,objective_fuzzy,19.42,16.988,0.3516,6.8287,1.0,79,-0.0,0.0,False,1.0,29.73118,10.624549,5.774658,0.297312,2.481102,0.127741,2.181569,0.112319,0.002897,0.000149,0.17142,0.008826,0.012903,0.000664
83,4080850993,2361446076,15.278,8.0,0.0,False,shortest_path,19.33,21.134,0.3929,7.5955,1.0,72,-0.0,0.0,False,1.0,45.412075,13.504946,8.523229,0.440928,2.397899,0.124049,1.947111,0.100729,0.003456,0.000179,0.602424,0.031165,0.030827,0.001595
83,4080850993,2361446076,15.278,8.0,8.0,False,objective_weight,24.03,20.257,0.097,2.3318,1.0,11,69.3002,24.3145,True,1.0,5.928735,6.481157,1.42497,0.059287,1.866206,0.077645,2.684732,0.111701,0.003616,0.00015,0.47544,0.019781,0.026192,0.00109
83,4080850993,2361446076,15.278,8.0,8.0,False,objective_fuzzy,24.03,20.257,0.097,2.3318,1.0,11,69.3002,24.3145,True,1.0,5.928735,6.481157,1.42497,0.059287,1.866206,0.077645,2.684732,0.111701,0.003616,0.00015,0.47544,0.019781,0.026192,0.00109
84,4152581465,3884339868,21.803,8.0,0.0,False,shortest_path,32.32,29.248,0.4487,14.5007,1.0,147,-0.0,0.0,False,1.0,57.541351,21.031076,17.370766,0.537479,0.311242,0.00963,3.027522,0.093676,0.0145,0.000449,0.275325,0.008519,0.031721,0.000982
84,4152581465,3884339868,21.803,8.0,8.0,False,objective_weight,36.2,30.737,0.0887,3.21,0.4744,0,77.8631,12.005,True,0.835052,17.232654,10.23362,5.208923,0.143902,0.0,0.0,4.79658,0.13251,0.01323,0.000365,0.189795,0.005243,0.025093,0.000693
84,4152581465,3884339868,21.803,8.0,8.0,False,objective_fuzzy,36.2,30.737,0.0887,3.21,0.4744,0,77.8631,12.005,True,0.835052,17.232654,10.23362,5.208923,0.143902,0.0,0.0,4.79658,0.13251,0.01323,0.000365,0.189795,0.005243,0.025093,0.000693
85,1278121316,617970052,14.254,8.0,0.0,False,shortest_path,21.3,18.601,0.0798,1.7002,0.4744,0,-0.0,0.0,False,0.835052,9.841856,6.517353,1.750127,0.082185,1.459386,0.068532,3.159366,0.148361,0.007967,0.000374,0.124223,0.005833,0.016284,0.000765
85,1278121316,617970052,14.254,8.0,8.0,False,objective_weight,21.3,18.601,0.0798,1.7002,0.4744,0,-0.0,0.0,False,0.835052,9.841856,6.517353,1.750127,0.082185,1.459386,0.068532,3.159366,0.148361,0.007967,0.000374,0.124223,0.005833,0.016284,0.000765
85,1278121316,617970052,14.254,8.0,8.0,False,objective_fuzzy,21.3,18.601,0.0798,1.7002,0.4744,0,-0.0,0.0,False,0.835052,9.841856,6.517353,1.750127,0.082185,1.459386,0.068532,3.159366,0.148361,0.007967,0.000374,0.124223,0.005833,0.016284,0.000765
86,4160645598,4441992911,8.171,8.0,0.0,False,shortest_path,13.57,12.12,0.218,2.9578,0.7075,21,-0.0,0.0,False,0.968085,30.3703,5.028096,3.989538,0.29401,0.0,0.0,0.695139,0.051229,0.000579,4.3e-05,0.331143,0.024404,0.011696,0.000862
86,4160645598,4441992911,8.171,8.0,8.0,False,objective_weight,13.57,12.12,0.218,2.9578,0.7075,21,-0.0,0.0,False,0.968085,30.3703,5.028096,3.989538,0.29401,0.0,0.0,0.695139,0.051229,0.000579,4.3e-05,0.331143,0.024404,0.011696,0.000862
86,4160645598,4441992911,8.171,8.0,8.0,False,objective_fuzzy,13.57,12.12,0.218,2.9578,0.7075,21,-0.0,0.0,False,0.968085,30.3703,5.028096,3.989538,0.29401,0.0,0.0,0.695139,0.051229,0.000579,4.3e-05,0.331143,0.024404,0.011696,0.000862
87,4244124887,683786325,18.336,8.0,0.0,False,shortest_path,19.15,23.979,0.355,6.7984,0.6887,0,-0.0,0.0,False,0.962025,54.460531,11.179335,9.865145,0.51519,0.0,0.0,0.395325,0.020645,0.000274,1.4e-05,0.894186,0.046697,0.024404,0.001274
87,4244124887,683786325,18.336,8.0,8.0,False,objective_weight,19.22,24.528,0.3411,6.5559,0.6887,0,3.567,0.3655,True,0.962025,52.539157,10.786716,9.537303,0.496292,0.0,0.0,0.384389,0.020002,0.000255,1.3e-05,0.841471,0.043788,0.023298,0.001212
87,4244124887,683786325,18.336,8.0,1.333,True,objective_fuzzy,19.22,24.528,0.3411,6.5559,0.6887,0,3.567,0.3655,True,0.962025,52.539157,10.786716,9.537303,0.496292,0.0,0.0,0.384389,0.020002,0.000255,1.3e-05,0.841471,0.043788,0.023298,0.001212
88,4851221930,12850844845,7.047,8.0,0.0,False,shortest_path,8.2,7.921,0.7274,5.9633,1.0,85,-0.0,0.0,False,1.0,100.0,8.902373,7.974014,0.972649,0.0,0.0,0.393876,0.048044,0.000582,7.1e-05,0.51636,0.062984,0.01754,0.00214
88,4851221930,12850844845,7.047,8.0,8.0,False,objective_weight,8.2,7.921,0.7274,5.9633,1.0,85,-0.0,0.0,False,1.0,100.0,8.902373,7.974014,0.972649,0.0,0.0,0.393876,0.048044,0.000582,7.1e-05,0.51636,0.062984,0.01754,0.00214
88,4851221930,12850844845,7.047,8.0,8.0,False,objective_fuzzy,8.2,7.921,0.7274,5.9633,1.0,85,-0.0,0.0,False,1.0,100.0,8.902373,7.974014,0.972649,0.0,0.0,0.393876,0.048044,0.000582,7.1e-05,0.51636,0.062984,0.01754,0.00214
89,3217274860,3799552431,22.293,8.0,0.0,False,shortest_path,30.55,29.189,0.3883,11.8617,1.0,110,-0.0,0.0,False,1.0,54.713521,21.847145,13.097234,0.428759,2.546678,0.08337,2.328807,0.076237,0.004166,0.000136,3.692287,0.120873,0.177974,0.005826
89,3217274860,3799552431,22.293,8.0,0.0,True,objective_weight,30.55,29.189,0.3883,11.8617,1.0,110,-0.0,0.0,False,1.0,54.713521,21.847145,13.097234,0.428759,2.546678,0.08337,2.328807,0.076237,0.004166,0.000136,3.692287,0.120873,0.177974,0.005826
89,3217274860,3799552431,22.293,8.0,0.0,True,objective_fuzzy,30.55,29.189,0.3883,11.8617,1.0,110,-0.0,0.0,False,1.0,54.713521,21.847145,13.097234,0.428759,2.546678,0.08337,2.328807,0.076237,0.004166,0.000136,3.692287,0.120873,0.177974,0.005826
90,1909489605,4974964939,10.03,8.0,0.0,False,shortest_path,15.32,13.094,0.4854,7.4383,1.0,13,-0.0,0.0,False,1.0,70.833468,12.395209,10.356845,0.675826,0.0,0.0,0.445211,0.029052,0.000697,4.5e-05,1.547954,0.10101,0.044502,0.002904
90,1909489605,4974964939,10.03,8.0,8.0,False,objective_weight,16.85,15.413,0.3437,5.7923,0.7483,35,22.1287,9.9869,True,0.978947,46.427422,10.286249,7.582456,0.449885,0.0,0.0,0.604996,0.035896,0.001196,7.1e-05,2.032892,0.120616,0.06471,0.003839
90,1909489605,4974964939,10.03,8.0,2.667,True,objective_fuzzy,16.85,15.413,0.3437,5.7923,0.7483,35,22.1287,9.9869,True,0.978947,46.427422,10.286249,7.582456,0.449885,0.0,0.0,0.604996,0.035896,0.001196,7.1e-05,2.032892,0.120616,0.06471,0.003839
91,9279261822,9974751855,29.776,8.0,0.0,False,shortest_path,46.84,45.408,0.3317,15.537,1.0,27,-0.0,0.0,False,1.0,38.330555,31.551293,12.354612,0.263763,8.213514,0.175353,3.303859,0.070535,0.062936,0.001344,6.037584,0.128898,1.578788,0.033706
91,9279261822,9974751855,29.776,8.0,1.333,True,objective_weight,48.48,44.763,0.2253,10.9224,1.0,73,29.7007,3.5013,True,1.0,30.225274,24.930561,11.102031,0.229001,2.546678,0.05253,3.716973,0.07667,0.067095,0.001384,6.149005,0.126835,1.348778,0.027821
91,9279261822,9974751855,29.776,8.0,1.333,True,objective_fuzzy,48.48,44.763,0.2253,10.9224,1.0,73,29.7007,3.5013,True,1.0,30.225274,24.930561,11.102031,0.229001,2.546678,0.05253,3.716973,0.07667,0.067095,0.001384,6.149005,0.126835,1.348778,0.027821
92,4244070852,3812121923,8.212,8.0,0.0,False,shortest_path,12.18,9.957,0.0024,0.0294,0.0031,0,-0.0,0.0,False,0.049135,0.0,0.517971,0.0,0.0,0.0,0.0,0.460179,0.037769,0.000127,1e-05,0.055956,0.004593,0.00171,0.00014
92,4244070852,3812121923,8.212,8.0,8.0,False,objective_weight,12.18,9.957,0.0024,0.0294,0.0031,0,-0.0,0.0,False,0.049135,0.0,0.517971,0.0,0.0,0.0,0.0,0.460179,0.037769,0.000127,1e-05,0.055956,0.004593,0.00171,0.00014
92,4244070852,3812121923,8.212,8.0,8.0,False,objective_fuzzy,12.18,9.957,0.0024,0.0294,0.0031,0,-0.0,0.0,False,0.049135,0.0,0.517971,0.0,0.0,0.0,0.0,0.460179,0.037769,0.000127,1e-05,0.055956,0.004593,0.00171,0.00014
93,5283805107,10304496827,10.368,8.0,0.0,False,shortest_path,17.23,15.638,0.3672,6.3285,1.0,60,-0.0,0.0,False,1.0,34.877515,10.169005,6.010277,0.348775,0.0,0.0,0.848053,0.049212,0.003708,0.000215,3.173451,0.184155,0.133515,0.007748
93,5283805107,10304496827,10.368,8.0,8.0,False,objective_weight,18.67,14.549,0.2012,3.7564,1.0,13,40.6431,8.3575,True,1.0,18.148271,7.659569,3.388751,0.181483,0.0,0.0,0.903694,0.048397,0.004464,0.000239,3.215829,0.172222,0.14683,0.007863
93,5283805107,10304496827,10.368,8.0,8.0,False,objective_fuzzy,19.69,16.123,0.1727,3.3989,1.0,8,46.2922,14.2774,True,1.0,14.11735,8.594566,2.779266,0.141173,0.0,0.0,1.03286,0.052464,0.004584,0.000233,4.593644,0.233335,0.184212,0.009357
94,5047725974,3930097309,17.989,8.0,0.0,False,shortest_path,24.03,23.675,0.3168,7.6129,0.7075,82,-0.0,0.0,False,0.968085,42.433406,14.992879,9.856663,0.410115,0.0,0.0,1.721383,0.071623,0.002447,0.000102,3.30222,0.137398,0.110167,0.004584
94,5047725974,3930097309,17.989,8.0,0.0,True,objective_weight,24.03,23.675,0.3168,7.6129,0.7075,82,-0.0,0.0,False,0.968085,42.433406,14.992879,9.856663,0.410115,0.0,0.0,1.721383,0.071623,0.002447,0.000102,3.30222,0.137398,0.110167,0.004584
94,5047725974,3930097309,17.989,8.0,0.0,True,objective_fuzzy,24.03,23.675,0.3168,7.6129,0.7075,82,-0.0,0.0,False,0.968085,42.433406,14.992879,9.856663,0.410115,0.0,0.0,1.721383,0.071623,0.002447,0.000102,3.30222,0.137398,0.110167,0.004584
95,2587598642,2347312890,15.946,8.0,0.0,False,shortest_path,28.37,21.824,0.098,2.7803,0.3144,0,-0.0,0.0,False,0.72973,17.798605,9.715481,0.0,0.0,6.130503,0.216074,2.551862,0.089942,0.024414,0.000861,0.890753,0.031395,0.117948,0.004157
95,2587598642,2347312890,15.946,8.0,8.0,False,objective_weight,31.7,22.254,0.0405,1.2835,0.2804,0,53.8359,11.7378,True,0.675,0.0,6.63349,0.0,0.0,2.445471,0.077133,2.781391,0.087728,0.021238,0.00067,1.231227,0.038834,0.154164,0.004863
95,2587598642,2347312890,15.946,8.0,8.0,False,objective_fuzzy,31.7,22.254,0.0405,1.2835,0.2804,0,53.8359,11.7378,True,0.675,0.0,6.63349,0.0,0.0,2.445471,0.077133,2.781391,0.087728,0.021238,0.00067,1.231227,0.038834,0.154164,0.004863
96,3891286019,5271548938,10.118,8.0,0.0,False,shortest_path,17.48,16.085,0.1912,3.3418,1.0,20,-0.0,0.0,False,1.0,25.212316,8.335957,1.158858,0.066299,4.811172,0.275251,1.64923,0.094354,0.006433,0.000368,0.657536,0.037618,0.052728,0.003017
96,3891286019,5271548938,10.118,8.0,8.0,False,objective_weight,17.48,16.085,0.1912,3.3418,1.0,20,-0.0,0.0,False,1.0,25.212316,8.335957,1.158858,0.066299,4.811172,0.275251,1.64923,0.094354,0.006433,0.000368,0.657536,0.037618,0.052728,0.003017
96,3891286019,5271548938,10.118,8.0,8.0,False,objective_fuzzy,20.35,17.296,0.1456,2.9635,1.0,20,11.3202,16.4188,True,1.0,17.483739,8.003706,1.158858,0.056936,3.845299,0.188925,2.213412,0.108748,0.006878,0.000338,0.722511,0.035498,0.056748,0.002788
97,4457572282,4398413279,19.249,8.0,0.0,False,shortest_path,26.05,28.421,0.3171,8.262,1.0,66,-0.0,0.0,False,1.0,40.754207,15.583498,10.131207,0.38887,2.272009,0.087207,2.439867,0.09365,0.006397,0.000246,0.695468,0.026694,0.038551,0.00148
97,4457572282,4398413279,19.249,8.0,8.0,False,objective_weight,28.43,24.91,0.1043,2.9645,1.0,5,64.1189,9.1363,True,1.0,11.089872,8.404757,2.926536,0.102925,1.880668,0.066142,3.084489,0.10848,0.006467,0.000227,0.475587,0.016726,0.03101,0.001091
97,4457572282,4398413279,19.249,8.0,1.333,True,objective_fuzzy,28.43,24.91,0.1043,2.9645,1.0,5,64.1189,9.1363,True,1.0,11.089872,8.404757,2.926536,0.102925,1.880668,0.066142,3.084489,0.10848,0.006467,0.000227,0.475587,0.016726,0.03101,0.001091
98,5490062386,7299303709,6.704,8.0,0.0,False,shortest_path,12.39,10.931,0.2859,3.5424,0.7075,25,-0.0,0.0,False,0.968085,39.976065,5.837084,4.79458,0.387002,0.0,0.0,0.663029,0.053517,0.000605,4.9e-05,0.366014,0.029543,0.012856,0.001038
98,5490062386,7299303709,6.704,8.0,8.0,False,objective_weight,12.39,10.931,0.2859,3.5424,0.7075,25,-0.0,0.0,False,0.968085,39.976065,5.837084,4.79458,0.387002,0.0,0.0,0.663029,0.053517,0.000605,4.9e-05,0.366014,0.029543,0.012856,0.001038
98,5490062386,7299303709,6.704,8.0,8.0,False,objective_fuzzy,12.39,10.931,0.2859,3.5424,0.7075,25,-0.0,0.0,False,0.968085,39.976065,5.837084,4.79458,0.387002,0.0,0.0,0.663029,0.053517,0.000605,4.9e-05,0.366014,0.029543,0.012856,0.001038
99,2094641239,4242639026,17.568,8.0,0.0,False,shortest_path,24.27,28.561,0.2211,5.3654,0.6887,0,-0.0,0.0,False,0.962025,33.955176,9.536279,7.759955,0.319705,0.0,0.0,0.549194,0.022626,0.000348,1.4e-05,1.192934,0.049148,0.033847,0.001394
99,2094641239,4242639026,17.568,8.0,8.0,False,objective_weight,24.71,28.042,0.1898,4.6898,0.6887,0,12.5918,1.8129,True,0.962025,28.428644,8.831634,6.634842,0.268492,0.0,0.0,0.622936,0.025208,0.000489,2e-05,1.531974,0.061994,0.041392,0.001675
99,2094641239,4242639026,17.568,8.0,8.0,False,objective_fuzzy,24.71,28.042,0.1898,4.6898,0.6887,0,12.5918,1.8129,True,0.962025,28.428644,8.831634,6.634842,0.268492,0.0,0.0,0.622936,0.025208,0.000489,2e-05,1.531974,0.061994,0.041392,0.001675
100,3728808843,4195908546,7.664,8.0,0.0,False,shortest_path,13.27,10.32,0.6157,8.1705,1.0,26,-0.0,0.0,False,1.0,81.575022,12.710729,10.47607,0.789438,0.0,0.0,0.597624,0.045035,0.001756,0.000132,1.573189,0.11855,0.06209,0.004679
100,3728808843,4195908546,7.664,8.0,8.0,False,objective_weight,15.69,12.424,0.1907,2.993,1.0,22,63.3682,18.2366,True,1.0,20.351298,6.397879,3.106685,0.197975,0.0,0.0,0.665274,0.042395,0.002085,0.000133,2.529255,0.161178,0.09458,0.006027
100,3728808843,4195908546,7.664,8.0,8.0,False,objective_fuzzy,15.69,12.424,0.1907,2.993,1.0,22,63.3682,18.2366,True,1.0,20.351298,6.397879,3.106685,0.197975,0.0,0.0,0.665274,0.042395,0.002085,0.000133,2.529255,0.161178,0.09458,0.006027
